name,username,link
TonTake Boy bot,@TonTakeBoybot,https://t.me/TonTakeBoybot
PR GRAM,@gram_piarbot,https://t.me/gram_piarbot
CEONIST,@GARANT_CEONIST,https://t.me/GARANT_CEONIST
china,@chinaxss,https://t.me/chinaxss
рассылка @offkirra | писать на основу ток,@llp_dll,https://t.me/llp_dll
𝙁𝙤𝙧𝙚𝙫𝙚𝙧🫣,@p3pxd,https://t.me/p3pxd
ᅠ,@tpaxnylnogpyry,https://t.me/tpaxnylnogpyry
Oxexy,@Kimpintay,https://t.me/Kimpintay
Sayro P2P,@Freework_tm,https://t.me/Freework_tm
NUTROK | ВЕРИФИКАЦИИ,@NutrokStore6,https://t.me/NutrokStore6
Степан Свежов,@Svejov1234,https://t.me/Svejov1234
Rana427,@Rana_428,https://t.me/Rana_428
AAAA,@samurai2230,https://t.me/samurai2230
𓆰[𝙀 𝙯]𓆪 | 𝒔 𝒂 𝒏 𝒔 7 𝒉 𝒐 𝒖・ｓｅｌｌ ｓｔａｒ ・ １.５ ₽ ｓｅｌｌ V P N,@vingln,https://t.me/vingln
писать @youswifts,@sjskskskskl8,https://t.me/sjskskskskl8
Ali,@Alidobro,https://t.me/Alidobro
Андрей,@Shmal888,https://t.me/Shmal888
Fast,@fastcoree1,https://t.me/fastcoree1
Kelly,@kelly_nig,https://t.me/kelly_nig
1,@analichek34,https://t.me/analichek34
Ronzes,@ronzes73,https://t.me/ronzes73
StarsTGgreat5,@tontakecoder,https://t.me/tontakecoder
𝕳𝖆𝖙𝖊,@peace_da_leaz,https://t.me/peace_da_leaz
VAPKER | 888,@vapker,https://t.me/vapker
w,@toneLeNftt,https://t.me/toneLeNftt
🧑‍💻,@popaviolik,https://t.me/popaviolik
djinks,@ptizt,https://t.me/ptizt
ЛЮТЫЙ ГЕНГЕР,@ganger_456,https://t.me/ganger_456
Silen,@Ycdyxuuc,https://t.me/Ycdyxuuc
.,@niggero4,https://t.me/niggero4
newerlate,@newerlate,https://t.me/newerlate
Барыжка Отрыжка,@XUYAPOV,https://t.me/XUYAPOV
malchikdima,@malchikdima,https://t.me/malchikdima
Аделина,@TvoaAdelina,https://t.me/TvoaAdelina
Sierafimv ОПИСАНИЕ,@sierafimrozsilka,https://t.me/sierafimrozsilka
Рассыл @comeniga,@guikkmnvg,https://t.me/guikkmnvg
017⛹🏾‍♂️,@mkaa005,https://t.me/mkaa005
silen,@tywyari,https://t.me/tywyari
kahowhuss!e,@hussie9kk_tag,https://t.me/hussie9kk_tag
sky alonov,@skyalonov,https://t.me/skyalonov
кислый,@millklss,https://t.me/millklss
𐌂𐌋𐌀𐌙𐌍𐌉,@claynidizayner,https://t.me/claynidizayner
Bibas Munda,@orgiiiiii666,https://t.me/orgiiiiii666
Косой ⷫ ꙵ ⷥ ⷣ ⷷ ⷰ Дизайнер,@off_kocoy_n1,https://t.me/off_kocoy_n1
facekid,@RNSD2i48Th,https://t.me/RNSD2i48Th
И.Ю,@magaanon,https://t.me/magaanon
Ｄａｎｔｅｚｚ♱ || клинер пиздализ,@OeBxg,https://t.me/OeBxg
mALOY,@maloy_dyy,https://t.me/maloy_dyy
amir,@amir_998e,https://t.me/amir_998e
Ann,@Elitastars,https://t.me/Elitastars
Aksi,@Aksivrot,https://t.me/Aksivrot
Mechanic,@AttackFenzyy,https://t.me/AttackFenzyy
𝑳𝒆𝒐𝒏𝒂𝒓𝒅𝒐,@Leonardoxk,https://t.me/Leonardoxk
.,@Sihei999,https://t.me/Sihei999
.,@ptzxxf,https://t.me/ptzxxf
Mease Service | Mailing,@measemailing,https://t.me/measemailing
хафи,@xafichka,https://t.me/xafichka
Dreeeeeyk,@In1745,https://t.me/In1745
Velvet [Check Bio],@Velvet_Mailing,https://t.me/Velvet_Mailing
dotarap,@lnslnse,https://t.me/lnslnse
@vkcomre,@uvxux,https://t.me/uvxux
️Anonym 🍭,@an_o_ny_m,https://t.me/an_o_ny_m
Asgard Studio,@Asgard_Studio_VIP,https://t.me/Asgard_Studio_VIP
cult,@cultuq,https://t.me/cultuq
Lyrex,@lyrexyt,https://t.me/lyrexyt
STIKS 300+rep,@oexacu,https://t.me/oexacu
Pixel & Palette | Studio,@pixel_palette_studio,https://t.me/pixel_palette_studio
pickme,@mr_murzik,https://t.me/mr_murzik
evhame,@stawerly,https://t.me/stawerly
Morpheusov.qmor @MorpBank_bot | #DefMorgenshtern AFK,@Defbymorgenshtern,https://t.me/Defbymorgenshtern
Efim,@vnesebe,https://t.me/vnesebe
Brain Wawe,@asadrahmani,https://t.me/asadrahmani
София,@Sonik_s123098,https://t.me/Sonik_s123098
SHOFER,@Miksaakd,https://t.me/Miksaakd
whitecourt,@whitecourtgg,https://t.me/whitecourtgg
🫂,@LordNFTsallers,https://t.me/LordNFTsallers
🥀,@tvou_mechta_re,https://t.me/tvou_mechta_re
.,@typelon,https://t.me/typelon
No Future.,@ymerha,https://t.me/ymerha
Сергей,@Kazako_v,https://t.me/Kazako_v
REVO | Королевский Пончик 🍩,@nnow133,https://t.me/nnow133
Громов,@miiliarderr,https://t.me/miiliarderr
Tëma,@CryptoToxis,https://t.me/CryptoToxis
Theory,@shalamanka,https://t.me/shalamanka
TonTake Scamers Bot,@TonTakeScamersBot,https://t.me/TonTakeScamersBot
Emil,@AssistantBMGO,https://t.me/AssistantBMGO
MaxWin,@maxwinS13,https://t.me/maxwinS13
IHackedBR,@remoteprocedurecall,https://t.me/remoteprocedurecall
аканька ТВИНК ДЛЯ РАССЫЛА,@fuckeryeat,https://t.me/fuckeryeat
Валентина,@b1lenko_v,https://t.me/b1lenko_v
Jacob Ravencroft,@eydoks,https://t.me/eydoks
Forward Studio,@Fw_Best,https://t.me/Fw_Best
🇬🇪,@werzyyyy7,https://t.me/werzyyyy7
Shaun Carey,@JOKmnunMin,https://t.me/JOKmnunMin
ᅠ hates,@hatescrypto,https://t.me/hatescrypto
ashvaganda • чат ордеров в био,@AshvaMain,https://t.me/AshvaMain
็็็็็็็็็็็็็็็็็็,@gazibazi,https://t.me/gazibazi
67,@lalzzzik,https://t.me/lalzzzik
okayton,@nazismq,https://t.me/nazismq
X,@FlawlessTag,https://t.me/FlawlessTag
𝐂𝐎𝐕𝐀 | 𝐓𝐑𝐀𝐅𝐅𝐈𝐂,@full_work556,https://t.me/full_work556
k,@killlopp,https://t.me/killlopp
Higley,@Higley_gr,https://t.me/Higley_gr
fimme,@fimmegierra,https://t.me/fimmegierra
serkonnn,@goldenserkonnn,https://t.me/goldenserkonnn
Аркадий,@Zxcxxcz,https://t.me/Zxcxxcz
строфобия | твинк,@strofob,https://t.me/strofob
писать @primero4ka,@K0P0LbI,https://t.me/K0P0LbI
Gu Change,@GuChange,https://t.me/GuChange
Mhm Alaghbari,@Mhmalaghbari,https://t.me/Mhmalaghbari
Check | verification,@usdselll,https://t.me/usdselll
bin,@RTX_FRK,https://t.me/RTX_FRK
pavla,@krnlz,https://t.me/krnlz
🧊someone🦴?#месяцев#TOTAL_NULL,@someone_lysxc,https://t.me/someone_lysxc
lopexov mladshiy @hirtlist,@lopexovafk,https://t.me/lopexovafk
.,@Hdgdhdhdhs,https://t.me/Hdgdhdhdhs
loser,@irwigoth,https://t.me/irwigoth
ㅤ,@neformello,https://t.me/neformello
ᅠ ᅠᅠᅠᅠʀᴇᴄᴋꜰᴜʟ ꜰᴜᴄᴋ ʀᴇᴠᴇɴɢᴇ,@reckful_revenge,https://t.me/reckful_revenge
Алексей,@Wouexecov,https://t.me/Wouexecov
feedomser,@feedomser,https://t.me/feedomser
last crypto,@crypto_calmness,https://t.me/crypto_calmness
Рассыл акк | основа @offkirra,@offmll,https://t.me/offmll
даня,@weryuha,https://t.me/weryuha
Yerem Khachatryan,@Yerem_Khach,https://t.me/Yerem_Khach
мир,@mirotvorecd,https://t.me/mirotvorecd
Dzimmu,@Dzimmuu,https://t.me/Dzimmuu
Не Лудоман,@kirill102183,https://t.me/kirill102183
anoncist,@anoncist,https://t.me/anoncist
William Perez,@p6o7paXdqw,https://t.me/p6o7paXdqw
lipwix,@ilumminni,https://t.me/ilumminni
molderr,@mollderr,https://t.me/mollderr
marco,@elpasomarcoalfa,https://t.me/elpasomarcoalfa
kenzo,@kuepr0,https://t.me/kuepr0
está nevando,@giterov,https://t.me/giterov
Kronos SPLIT/WB Аккаунты,@kronosverif,https://t.me/kronosverif
Frezz,@Frezz05,https://t.me/Frezz05
.,@flashhhhev,https://t.me/flashhhhev
гашава,@G1SHAVA,https://t.me/G1SHAVA
Send,@LitZLoot,https://t.me/LitZLoot
Byanko,@eliterichgold,https://t.me/eliterichgold
Ghost,@ghostysh,https://t.me/ghostysh
Рассылка (Axi¹¹¹),@Gjyggu,https://t.me/Gjyggu
Samuel,@Samuelcrypt,https://t.me/Samuelcrypt
Рассыл @sociaipanica,@levakfor,https://t.me/levakfor
Даня,@DanyaSidorK,https://t.me/DanyaSidorK
xmrrooou,@xmrrooou,https://t.me/xmrrooou
ᴀɴᴇᴍᴏɴᴏᴠ ᴍᴏɴᴇʏᴍᴀᴋᴇʀ,@anemonov,https://t.me/anemonov
Александр,@martini0077,https://t.me/martini0077
𝒀𝒆𝒗𝒈𝒆𝒏𝒚 𝑺𝒆𝒕𝒔𝒆𝒗𝒊𝒄𝒉,@yevgeshka_merin,https://t.me/yevgeshka_merin
Атраксил,@Atraxil,https://t.me/Atraxil
filosow ᚾ 𝗟𝟐𝗪,@ceofilosow,https://t.me/ceofilosow
Александр,@ghtgh,https://t.me/ghtgh
Shadow,@Axywl,https://t.me/Axywl
krz,@nebozhitelstvo,https://t.me/nebozhitelstvo
repx666 (бывалый xypckovou),@repx666,https://t.me/repx666
Илюшка,@Giravpbid,https://t.me/Giravpbid
Джон Уик,@ebalvana,https://t.me/ebalvana
ᴘᴇᴛʀᴏ,@user_petro,https://t.me/user_petro
@KorchiyVip,@KorchiyVip,https://t.me/KorchiyVip
Simon •,@simon_billionaire,https://t.me/simon_billionaire
ㅤ,@Gucin23,https://t.me/Gucin23
𝐤𝐫𝐢𝐦𝐨𝐯 | 𝐌𝐃𝐌𝐀,@dropan,https://t.me/dropan
𝕄𝕊𝕄𝕂,@toncalmers,https://t.me/toncalmers
Еще посидим,@dolboebmnevrot,https://t.me/dolboebmnevrot
mr.bakhtiar🇬🇪,@staysecuring,https://t.me/staysecuring
Даня,@danyagg11,https://t.me/danyagg11
rafx,@mbapx9,https://t.me/mbapx9
ПИСАТЬ ТОЛЬКО @exeirr,@exeirr2,https://t.me/exeirr2
Виктор,@viktor_deal,https://t.me/viktor_deal
психакид метадон,@osintpsyhokid,https://t.me/osintpsyhokid
Александр Тихонов,@execeq,https://t.me/execeq
смертоносец,@mnJKRZMZ67,https://t.me/mnJKRZMZ67
ᴀᴘᴏʟʟᴏ | 125 | 1 |,@dorogi91,https://t.me/dorogi91
Vlast,@Swatingdc,https://t.me/Swatingdc
Владимир Глотов,@wrosterssu,https://t.me/wrosterssu
Vas¡l1 pan!sheV,@clitorbabki,https://t.me/clitorbabki
lastlovu,@lastlovu,https://t.me/lastlovu
`,@h5brq4u3eq453hr,https://t.me/h5brq4u3eq453hr
Менеджер Юлия,@managerjuliyafb,https://t.me/managerjuliyafb
ㅤНикита Хетлайнов,@hatlines,https://t.me/hatlines
Vertex,@CarkazMov,https://t.me/CarkazMov
𝗳𝗹𝟭𝗰𝗵𝗲𝗿𝟮𝟳,@fl1cher27,https://t.me/fl1cher27
ㅤ ㅤ,@tontimon,https://t.me/tontimon
@loonix0,@zakk7485,https://t.me/zakk7485
deniska ᚾ 𝗟𝟐𝗪,@deniska863,https://t.me/deniska863
♥️🫀 | Гарант,@dkdlql,https://t.me/dkdlql
кварц делаю эмодзи,@qwartovskiy,https://t.me/qwartovskiy
Краснодаров #ez,@userkrasnodarov,https://t.me/userkrasnodarov
𝒌𝒂𝒄𝒉𝒊𝒌,@kach1k,https://t.me/kach1k
рассылка @tonduns,@eCM2kputkL,https://t.me/eCM2kputkL
ㅤakk,@atttakyehyn,https://t.me/atttakyehyn
𝐤𝐮𝐤𝐱𝐥,@kukxl,https://t.me/kukxl
cvalida,@usersize,https://t.me/usersize
©Vladimir || TG°,@Bladumuro,https://t.me/Bladumuro
TwinkLime,@limekotakbas,https://t.me/limekotakbas
Avril Lavigne,@marla_singerr,https://t.me/marla_singerr
☭,@Xolco,https://t.me/Xolco
mmmkvs,@mmmkvs,https://t.me/mmmkvs
𝑆 🥷,@Saks799,https://t.me/Saks799
Hronitf скуп крипты,@Hronitfu,https://t.me/Hronitfu
Fen1x || HFT ||,@Fen1xnft,https://t.me/Fen1xnft
ᴍɪꜱᴛᴇʀ ᴋᴀʟᴇᴏɴ,@kaleon_666,https://t.me/kaleon_666
616 Скупаю тоны #britishsociety,@lordgeass,https://t.me/lordgeass
Ꭺizᴇᴋ Ᏼrᴏᴋᴇr,@anonegarant,https://t.me/anonegarant
интерес,@inteIectt,https://t.me/inteIectt
Гризма 🧃,@greezme,https://t.me/greezme
Алексей свифт,@glithframe,https://t.me/glithframe
Вася🎲,@vasssskk,https://t.me/vasssskk
HOPE,@m3mso,https://t.me/m3mso
Фурион || скуп нфт,@Fyressforom,https://t.me/Fyressforom
dollar/crypto,@cola_ton_nft,https://t.me/cola_ton_nft
me,@Meuigc,https://t.me/Meuigc
𝐰𝐨𝐢𝐳,@woiznet,https://t.me/woiznet
Василий Бизнесмен,@vtbof,https://t.me/vtbof
Александр,@walheim_drago,https://t.me/walheim_drago
Хомелесс,@homelesov,https://t.me/homelesov
Dotilam,@Jskoq,https://t.me/Jskoq
geod,@zgeod,https://t.me/zgeod
🍀,@huylusha,https://t.me/huylusha
choppa maniac,@pozitivil,https://t.me/pozitivil
⁣⁣⁣⁣⁣⁣⁣⁣⁣⁣⁣⁣⁣⁣⁣⁣⁣⁣⁣⁣⁣⁣⁣⁣⁣⁣⁣⁣⁣⁣⁣⁣⁣⁣⁣⁣⁣⁣⁣⁣⁣⁣⁣⁣⁣⁣⁣⁣⁣⁣⁣⁣⁣⁣⁣⁣⁣⁣⁣⁣⁣,@DilerSexy,https://t.me/DilerSexy
OKSIGRAM,@oxygram711,https://t.me/oxygram711
плакшери | звёзды 1.3,@plakseri,https://t.me/plakseri
ᴀғɢᴏʀᴄʜɪᴋ⁷² ᅠ,@afgorchik,https://t.me/afgorchik
𒀱︎︎𒆙۞⛧𝕯𝖊𝖓𝖈𝖍𝖎𝖐⛧۞𒆙𒀱︎︎,@Dert_565,https://t.me/Dert_565
ㅤ,@kukurich,https://t.me/kukurich
F E L L S [work] 🤑,@obmenvalyt_usdt,https://t.me/obmenvalyt_usdt
ANARCHY,@russianlons,https://t.me/russianlons
ꎇꀤ꒒ꂦꈤꀎꌩ,@Filonuy,https://t.me/Filonuy
𝑠𝑡𝑤𝑖𝑟𝑟𝑦𝑦 / 1 𝑠𝑡𝑎𝑟 1.47₽ / 𝐼'𝑚 𝑏𝑢𝑦𝑖𝑛𝑔 𝑁𝐹𝑇 гарант 3%,@stwirryy0,https://t.me/stwirryy0
sleepy💔mila,@bezmern1y,https://t.me/bezmern1y
klouji,@kloujinew,https://t.me/kloujinew
9,@popwew,https://t.me/popwew
erunda,@etoskuchno,https://t.me/etoskuchno
Werimal,@Werimali,https://t.me/Werimali
Ульяша,@ulyawwex,https://t.me/ulyawwex
Taddy,@VKTaddy,https://t.me/VKTaddy
word,@featherins,https://t.me/featherins
venok,@venwp,https://t.me/venwp
Timoxa,@crypto_bq,https://t.me/crypto_bq
k1lar_why,@userfromsky,https://t.me/userfromsky
Verif fragment,@mikilandjio,https://t.me/mikilandjio
Katerina Smolenkova,@Katerinaovlove,https://t.me/Katerinaovlove
passerine,@yasosalvam,https://t.me/yasosalvam
ᴇxᴀᴄᴛᴜʏ • ʙ ᴩᴀбоᴛᴇ,@exactuy,https://t.me/exactuy
1nolokrezzed||sale fize,@Nolokriz,https://t.me/Nolokriz
автостоп | выгорел,@avtostopchik,https://t.me/avtostopchik
𝗟𝗮𝗻𝗼𝗿𝗼𝘃⁰¹ #𝟴𝟴𝟴,@lanorov_da,https://t.me/lanorov_da
'caldonterrus16,@caldonterrus16,https://t.me/caldonterrus16
Yougd,@Yougd,https://t.me/Yougd
Dima B,@dimabeloj,https://t.me/dimabeloj
𝙒𝙖𝙧𝙙𝙚𝙣 #𝙒𝙖𝙡𝙠𝙞𝙣𝙜 #𝘿𝙚𝙖𝙙,@CrimeWarden,https://t.me/CrimeWarden
Тёма СКИНЬКЭША💸,@anchikkt,https://t.me/anchikkt
𝓡𝓪𝔃𝔃𝔂𝓧𝔁 | NFT,@Razyxx_bond,https://t.me/Razyxx_bond
ㅤ,@Ruhichr,https://t.me/Ruhichr
PustoVato,@pustovato,https://t.me/pustovato
Никита,@meatren,https://t.me/meatren
некий парень,@asofkjjgashijfgasjf,https://t.me/asofkjjgashijfgasjf
ещKering,@kker1ng,https://t.me/kker1ng
Reاfa٨rt٠٩,@Launch_vv,https://t.me/Launch_vv
bb,@uveky,https://t.me/uveky
-,@Maduk_a,https://t.me/Maduk_a
Good boy,@Mohitoo005,https://t.me/Mohitoo005
♕︎LUX♕︎,@Impoxyist,https://t.me/Impoxyist
mаквин,@vkmakvin,https://t.me/vkmakvin
король,@gggggggggggggspps,https://t.me/gggggggggggggspps
:),@d1pe_lega,https://t.me/d1pe_lega
Михаил,@STREET_RACER12,https://t.me/STREET_RACER12
DANKO,@dankoznaet,https://t.me/dankoznaet
amalion | stingy NFT,@ama1ion,https://t.me/ama1ion
.,@payselleng,https://t.me/payselleng
spetse,@spetse,https://t.me/spetse
77,@hiks_22,https://t.me/hiks_22
62/10000$,@OlegTonLove,https://t.me/OlegTonLove
.,@sebeamfreak,https://t.me/sebeamfreak
Timmy Falcon,@Timmy_ipsc,https://t.me/Timmy_ipsc
Svetlana Invest,@Swetinvest,https://t.me/Swetinvest
Alphavite. @astral_game_bot,@allphavite,https://t.me/allphavite
the,@theadeonov,https://t.me/theadeonov
ㅤ֎ | stars - 1.3,@hxrrk,https://t.me/hxrrk
Asmirovv,@asmirovv,https://t.me/asmirovv
MR,@Ojvyjc333,https://t.me/Ojvyjc333
waydet,@waydet,https://t.me/waydet
#TAMTUT | Первый не пишу,@TamTutOfficial,https://t.me/TamTutOfficial
ᴠᴀᴀᴄ ᴀᴄ | ᴄᴛᴘᴀx,@netmycopam,https://t.me/netmycopam
Лиля (info bio),@MHE_OXOTA_TAKE,https://t.me/MHE_OXOTA_TAKE
Paladin,@Likolov,https://t.me/Likolov
Флоренция,@ParisDual,https://t.me/ParisDual
прошлогодний ᴀᴄᴛᴩᴀᴧ,@Neulovimi_pp,https://t.me/Neulovimi_pp
Piedir,@moNNeym,https://t.me/moNNeym
💸,@sharkdarkpower,https://t.me/sharkdarkpower
Tofu | Проведу сделку!,@GarantTofu,https://t.me/GarantTofu
Марилонов | Громов,@marilonov,https://t.me/marilonov
Милана,@tonpaypp,https://t.me/tonpaypp
Karihaaa||lovve,@Karihaaa2008,https://t.me/Karihaaa2008
2k17,@Black_Siemens2k17,https://t.me/Black_Siemens2k17
!,@vuuoz,https://t.me/vuuoz
..,@Foks789,https://t.me/Foks789
Лазарикс,@Lazarix,https://t.me/Lazarix
mbull skibidi,@MbullSkibidi,https://t.me/MbullSkibidi
montecarllo•sell ruch,@arhipdodepovvv,https://t.me/arhipdodepovvv
𝗔𝘁𝗺𝗼𝘀𝗽𝗵𝗲𝗿𝗲,@UserAtmosphere,https://t.me/UserAtmosphere
Laura Williams,@ZNhQaQ0Frr,https://t.me/ZNhQaQ0Frr
Atom #LEGION,@ATOMLEGION,https://t.me/ATOMLEGION
✊🐺,@BORZ7766,https://t.me/BORZ7766
𝕜𝕖𝕜_𝕧𝕖𝕝𝕠𝕟 УШЕЛ СПАТЬ,@velon0101,https://t.me/velon0101
КУПЛЮ USDT,@maIchik_zaichik,https://t.me/maIchik_zaichik
##,@xaxfucked,https://t.me/xaxfucked
диссонанс,@meuex,https://t.me/meuex
{𖤍} daHyHaxui |♱| ~why you scxred?!,@astralorgia,https://t.me/astralorgia
pepe,@Sever359,https://t.me/Sever359
DANIIAR TATAR,@TATTARINcom,https://t.me/TATTARINcom
wardencoul,@wardencoul,https://t.me/wardencoul
анастасия мирная,@pcixagree,https://t.me/pcixagree
mmaga Сигны по 15 зв,@miha1598,https://t.me/miha1598
auctioner,@delecate,https://t.me/delecate
Magdac,@Magdac0,https://t.me/Magdac0
Что это за хуйня джарвис,@hytyrgyn,https://t.me/hytyrgyn
Gavrik Вериф 1.5 ton,@SailorMoon85,https://t.me/SailorMoon85
£,@lovevarysha,https://t.me/lovevarysha
wcepilevak,@Td0lcLTqy9,https://t.me/Td0lcLTqy9
leandoer,@phlloraaaa,https://t.me/phlloraaaa
Бехзод,@cashhave,https://t.me/cashhave
серега,@kolya_sixseven,https://t.me/kolya_sixseven
lv,@lavauser,https://t.me/lavauser
Komers,@kome_rs,https://t.me/kome_rs
wpg1984fa,@kotudemo,https://t.me/kotudemo
Опиат,@Trokkov,https://t.me/Trokkov
That Wai Aung Singne Lay,@Skanwnqnqnnq,https://t.me/Skanwnqnqnnq
/w ‘’eseba,@esebaabesa,https://t.me/esebaabesa
Арсений,@nearsenii,https://t.me/nearsenii
A,@formysuck,https://t.me/formysuck
ani,@anilolu,https://t.me/anilolu
Gg Ezz,@i_Iove_milfs,https://t.me/i_Iove_milfs
Perry|Nft 2%,@CrystalGiftHelper,https://t.me/CrystalGiftHelper
redsharkq,@societycreator,https://t.me/societycreator
Vasya,@niggaok,https://t.me/niggaok
. .,@Na8933,https://t.me/Na8933
vandalizm.com,@ul60e,https://t.me/ul60e
Помидор,@tomato_tag,https://t.me/tomato_tag
so shyne.,@gabbapehtin,https://t.me/gabbapehtin
ванесик,@vanesik11,https://t.me/vanesik11
S,@LeraStS,https://t.me/LeraStS
Derot,@Resdeli,https://t.me/Resdeli
ëbņúţ🍯,@thectalin,https://t.me/thectalin
Taylor Jax,@u4CGw7hdgG,https://t.me/u4CGw7hdgG
Властелин,@anileridine,https://t.me/anileridine
|none|,@nedoxerok,https://t.me/nedoxerok
Монейглай,@moneyglaj,https://t.me/moneyglaj
Рассылка Лилипута ТУТ НЕ ОТВЕЧУ ТУТ НЕ ОТВЕЧУ,@liliputickkrassilka,https://t.me/liliputickkrassilka
Horj,@dhshfifi,https://t.me/dhshfifi
Ксения Панченко,@ksushikDi,https://t.me/ksushikDi
Саня,@malouzzi,https://t.me/malouzzi
engels,@apathv,https://t.me/apathv
Aza,@Aza_rt03,https://t.me/Aza_rt03
Han zolo,@iwowowehhd,https://t.me/iwowowehhd
𝕕𝕚𝕖𝕘𝕠𝕤𝕢𝕦𝕒𝕕 [+118 rep] <Делаю Верификации>,@Diego_Squad,https://t.me/Diego_Squad
Ульяночка,@ylonelove,https://t.me/ylonelove
банконафт,@moytonkoin,https://t.me/moytonkoin
soon,@djjdjdnve8,https://t.me/djjdjdnve8
STOYV max 3.5$,@stoyv,https://t.me/stoyv
🇯🇵,@gasydarstvo,https://t.me/gasydarstvo
Dmitri Sanich,@Dmitri_sanich,https://t.me/Dmitri_sanich
виктор,@r78ronin,https://t.me/r78ronin
glwfix,@glwfix,https://t.me/glwfix
Pasha,@sh1racon_pavel,https://t.me/sh1racon_pavel
ламповая 🎱,@l1lya1shA,https://t.me/l1lya1shA
🇷🇺,@chesterkrueger,https://t.me/chesterkrueger
#верныйафк,@zyizui,https://t.me/zyizui
𝑪𝒉𝒊𝑪𝒂𝑮𝒐,@chicago_tag,https://t.me/chicago_tag
ㅤㅤㅤ888,@neverrtrue,https://t.me/neverrtrue
Омайгад,@Scar1ngg,https://t.me/Scar1ngg
benzarov @vkback,@kmbenzarov,https://t.me/kmbenzarov
𝐊𝐞𝐥𝐯𝐢𝐧 | Сделаю аватарку,@Kelv1nz,https://t.me/Kelv1nz
kislyyy,@k2slyyy,https://t.me/k2slyyy
Gektor|Dek,@Gektorkill,https://t.me/Gektorkill
Ente,@arestove,https://t.me/arestove
Korriar,@korriar,https://t.me/korriar
Neverlose,@unverbal,https://t.me/unverbal
new 69 rev|top 6000₽ 2%,@O_Ouwuuu,https://t.me/O_Ouwuuu
Шах Maniac,@attackshah,https://t.me/attackshah
Эфопин @ocesux,@ocesux,https://t.me/ocesux
BEFEDOR,@w1ntl,https://t.me/w1ntl
Lukovv | Fiz sell,@lukovv11,https://t.me/lukovv11
⚜️🥷⚜️,@azer_loww,https://t.me/azer_loww
Джони деп,@Vladlenn4ik,https://t.me/Vladlenn4ik
килер,@killerkilerrir,https://t.me/killerkilerrir
ВerIіn Васильевич,@inkuzir,https://t.me/inkuzir
yes sir,@RunAlongForever,https://t.me/RunAlongForever
Исма,@cheche95n,https://t.me/cheche95n
1312,@emokid000,https://t.me/emokid000
$n1ktxs,@n1ktxs,https://t.me/n1ktxs
️,@Sigma6660001,https://t.me/Sigma6660001
Nuras,@Nurrasi,https://t.me/Nurrasi
ossetin,@Dava_r5,https://t.me/Dava_r5
Alin04ka,@znak_ak,https://t.me/znak_ak
𝗿𝗼𝘅𝘆 𝘄𝗶𝗹𝗹𝗱 | #vibe,@monceyy,https://t.me/monceyy
Murder?,@Murderbog,https://t.me/Murderbog
minion,@qakashit,https://t.me/qakashit
MrProdz,@mrprodz,https://t.me/mrprodz
Никита,@remindov,https://t.me/remindov
tens,@tens_NCH,https://t.me/tens_NCH
Anonymous,@anlaonsoneonee,https://t.me/anlaonsoneonee
Саня Младший,@seelser,https://t.me/seelser
B9,@Sexoalisation1,https://t.me/Sexoalisation1
o9a,@dextromethamphetamines,https://t.me/dextromethamphetamines
Senh,@overlaws,https://t.me/overlaws
MAFYA,@YONG_MAFYA,https://t.me/YONG_MAFYA
.,@Smnnenie,https://t.me/Smnnenie
ᅠ,@sezonkr,https://t.me/sezonkr
бледный король,@Puberty_boy,https://t.me/Puberty_boy
kegdd,@aapplee11,https://t.me/aapplee11
EWO лень #EWO❤️,@EWOlen,https://t.me/EWOlen
ᅠ,@idijsbso,https://t.me/idijsbso
𝒎𝒂𝒓𝒈𝒆𝒇𝒐𝒗,@margefov,https://t.me/margefov
.....,@invi_defolt,https://t.me/invi_defolt
Александр || Отзывы,@chillerr,https://t.me/chillerr
ㅤ,@ausosz,https://t.me/ausosz
wo,@stackkq,https://t.me/stackkq
zloy,@mezloy,https://t.me/mezloy
Sergey Kazancev,@RedFIagRedFIag,https://t.me/RedFIagRedFIag
Neverfag,@Neverfagsksk,https://t.me/Neverfagsksk
zveno | 1.3₽ 𝒔𝒕𝒂𝒓𝒔,@weakzveno,https://t.me/weakzveno
☠️,@fyrryrer,https://t.me/fyrryrer
.,@jdbjxjsd,https://t.me/jdbjxjsd
рассылка,@pepefatafaaa,https://t.me/pepefatafaaa
Евгений (ЧЕК БИО),@evgesha19051,https://t.me/evgesha19051
Defbai,@Defbai,https://t.me/Defbai
Hacked,@Spidygaming22,https://t.me/Spidygaming22
𝐕𝐞𝐫𝐛𝐬𝐲 | sell руч,@Verbsy,https://t.me/Verbsy
Александр Берсов,@Alexsandr005,https://t.me/Alexsandr005
Lozik,@Lozikwa,https://t.me/Lozikwa
𝒃𝒓𝒐𝒔𝒌𝒚𝒆𝒓,@broskyer,https://t.me/broskyer
r,@APECTOBAH_B_KUPOBE1,https://t.me/APECTOBAH_B_KUPOBE1
281!KIT!,@Silver_Drake,https://t.me/Silver_Drake
дмитрий,@river_p2p,https://t.me/river_p2p
f1,@wxmenx,https://t.me/wxmenx
ликвид,@vultts,https://t.me/vultts
­,@xvwxwvx,https://t.me/xvwxwvx
xostapov,@xostapov,https://t.me/xostapov
Duck4Quack⁴²,@Duck4Quack,https://t.me/Duck4Quack
Vycheslav,@Slavetona,https://t.me/Slavetona
Timothy Roberts,@ludynkin,https://t.me/ludynkin
monamii,@mnmiii,https://t.me/mnmiii
ᅠ,@rudasik,https://t.me/rudasik
her,@Steepblunt,https://t.me/Steepblunt
плюшевый,@wrmwwrm,https://t.me/wrmwwrm
Ðirøl,@DIROLUSDT,https://t.me/DIROLUSDT
#𝘿𝙁𝙉🎭 дефицит¹³³⁷ ㅤ,@fuckn0ttibop,https://t.me/fuckn0ttibop
The Faded Rose,@prisjq,https://t.me/prisjq
cr!me,@crimefuckup,https://t.me/crimefuckup
𝔩𝔞𝔫𝔨𝔦𝔢𝑧 // 𝖋𝖗𝖊𝖆𝖐,@lankiez,https://t.me/lankiez
^^,@cadavericspot,https://t.me/cadavericspot
Dddd,@Godiyarher,https://t.me/Godiyarher
makso,@kotmetr,https://t.me/kotmetr
ترويانوفيتس,@id990901,https://t.me/id990901
Frostik/0%,@jxjsjsjsjllllhg,https://t.me/jxjsjsjsjllllhg
V,@Bezduchnyy,https://t.me/Bezduchnyy
Nikita Brez @uploader69,@brezMM,https://t.me/brezMM
answer,@ebyvseivsex002,https://t.me/ebyvseivsex002
ㅤ,@fuckvbiverr,https://t.me/fuckvbiverr
Temple,@temple_tag,https://t.me/temple_tag
Тимофей,@idream8r,https://t.me/idream8r
😼,@musulimaneZ,https://t.me/musulimaneZ
D,@ddddaj1,https://t.me/ddddaj1
Андрей,@Vintag3535,https://t.me/Vintag3535
flawless,@durovum,https://t.me/durovum
novoline,@popkapusks,https://t.me/popkapusks
qwzxx,@Fermer996,https://t.me/Fermer996
betelgeim.,@exstensive,https://t.me/exstensive
пень,@xikkanov,https://t.me/xikkanov
Металлолом,@aperoil,https://t.me/aperoil
︎ ︎ ︎ ︎ ᅠ ︎ ︎ ︎ ︎彡 SHTORM 彡,@Darkfaight,https://t.me/Darkfaight
.,@pythoncmdd,https://t.me/pythoncmdd
M,@marsel333,https://t.me/marsel333
war of mind,@sokolnikoov,https://t.me/sokolnikoov
юпикс,@try_yupiks,https://t.me/try_yupiks
QuQ,@MUSSED1337,https://t.me/MUSSED1337
Егор,@Tomato_66,https://t.me/Tomato_66
Benedetto,@krapivnoyj,https://t.me/krapivnoyj
С,@leovcom,https://t.me/leovcom
<3,@swwaass,https://t.me/swwaass
Block,@Lookingtrail,https://t.me/Lookingtrail
offended,@systemintrusion,https://t.me/systemintrusion
𝙺𝚘𝚝'𝚔𝚒 | 𝟽𝟼𝟺 1.5/5к$,@AcsolotlZERO,https://t.me/AcsolotlZERO
🇸 🇭 🇴 🇽 🇦,@Shak1rov_shox,https://t.me/Shak1rov_shox
skag,@skkaagg,https://t.me/skkaagg
mesuri,@me7suri,https://t.me/me7suri
глори | t.me,@glorr1y,https://t.me/glorr1y
Iumof | пишу первый,@Iumof,https://t.me/Iumof
singular,@MellDaritGifts,https://t.me/MellDaritGifts
sss,@ssstriked,https://t.me/ssstriked
Fantik😜| скуп $ по 75₽,@FantikTag,https://t.me/FantikTag
💉,@nastupul,https://t.me/nastupul
sss,@lil_wazzix,https://t.me/lil_wazzix
Marie,@kaeq4r,https://t.me/kaeq4r
Sam Low ll,@sam1owder,https://t.me/sam1owder
Николай | Stars,@obvot,https://t.me/obvot
Аслан,@JD_ZJ,https://t.me/JD_ZJ
exe,@wecmd,https://t.me/wecmd
𝙇𝙚𝙜𝙚𝙣𝙙𝙖 | продам гифты,@Legenda_usdt,https://t.me/Legenda_usdt
𝘼𝙉𝙐𝘽𝙄𝙎 / 𝙉𝙀𝙒 𝙀𝙍𝘼,@AnubisIT,https://t.me/AnubisIT
agressia,@AGRESSIBNYI,https://t.me/AGRESSIBNYI
floom for you,@qohvs,https://t.me/qohvs
Starsman,@steilhewin,https://t.me/steilhewin
"Rick ""Will Not PM First""",@CMRick_1zez,https://t.me/CMRick_1zez
Turk,@SilenceTk1,https://t.me/SilenceTk1
🏴‍☠️Ммай,@fuckmmay,https://t.me/fuckmmay
ᴘᴀsʜᴀ,@clickpavel,https://t.me/clickpavel
yesirskiiy,@uonen,https://t.me/uonen
KaiN,@Selvatore95,https://t.me/Selvatore95
Astralov ⚜️,@Astralov_Official,https://t.me/Astralov_Official
专业拉TG群联系@cooop,@TGcooop108,https://t.me/TGcooop108
андреев максим викторович,@capitanovvv,https://t.me/capitanovvv
нехочу,@Bigmother69,https://t.me/Bigmother69
𝒄𝒘𝒂𝒊𝒛,@cwaiz,https://t.me/cwaiz
.,@guba_puwa,https://t.me/guba_puwa
приколист.ком,@prettymvp,https://t.me/prettymvp
куниловер67,@usualsex,https://t.me/usualsex
oper,@operskoy_053,https://t.me/operskoy_053
sardor,@ripe1337,https://t.me/ripe1337
@сун 110+,@qw1ouxx,https://t.me/qw1ouxx
001,@derufo,https://t.me/derufo
вэйфейр,@olymetr,https://t.me/olymetr
+7 / 926553600 / 5 лет,@Tidu3002,https://t.me/Tidu3002
HYDRA | верифаю,@mercaniye,https://t.me/mercaniye
Promate_goy,@Tg_traider,https://t.me/Tg_traider
Gost Продам сплит,@Tgost298,https://t.me/Tgost298
кусаю губы,@rickoverz,https://t.me/rickoverz
merchant,@imotters,https://t.me/imotters
hymery,@hymery,https://t.me/hymery
rayan,@nasosal_nft,https://t.me/nasosal_nft
satoshi,@satosh1d,https://t.me/satosh1d
ㅤ,@VipVolc,https://t.me/VipVolc
💤,@devmxso,https://t.me/devmxso
fi,@fierseeeeeeeeeeeee,https://t.me/fierseeeeeeeeeeeee
dianixfq,@p1dar228,https://t.me/p1dar228
kid@root,@fshttps,https://t.me/fshttps
👁️,@notd1x,https://t.me/notd1x
танькуку,@tanukaka,https://t.me/tanukaka
torsenits @drosmedia,@druzelub,https://t.me/druzelub
Jeshok,@jeshock,https://t.me/jeshock
Svinota | PUSH,@svinotapush,https://t.me/svinotapush
ᴋʟᴀᴠᴀᴋᴀ || NFT || 𝙩𝙤𝙥𝙠𝙖 24𝙠,@Klavaka,https://t.me/Klavaka
ахмат,@borzfy,https://t.me/borzfy
EDVIN ТОТАЛИТАРНОСТЬ,@edvinpvp,https://t.me/edvinpvp
| 𝐒𝐇𝐄𝐋𝐙𝐙𝐙𝐈𝐊🧑🏻‍💻|400+ revs 0%,@Shelzzzik,https://t.me/Shelzzzik
enemysystem,@shadowdirt,https://t.me/shadowdirt
ада,@guggigiug,https://t.me/guggigiug
Posik,@rososktalen61,https://t.me/rososktalen61
11,@hqhqhqkj,https://t.me/hqhqhqkj
VIZY,@TTVIZY,https://t.me/TTVIZY
𐌺𐌀𐌕𑀉Σ𐌕𐌀⁶⁹,@Katleta069,https://t.me/Katleta069
Frokat .,@timfergg,https://t.me/timfergg
Жad1na,@Jad1na_q,https://t.me/Jad1na_q
Вика,@vika17za,https://t.me/vika17za
The style is cool,@Fashion_StyIe,https://t.me/Fashion_StyIe
ASTRA,@AstraReto,https://t.me/AstraReto
..,@silll3r,https://t.me/silll3r
ᅠᅠᅠᅠᅠᅠᅠᅠᅠᅠᅠᅠᅠᅠᅠᅠᅠᅠᅠᅠᅠ,@kimpintayo,https://t.me/kimpintayo
.,@erakossa,https://t.me/erakossa
ckyl,@ckyl_xd,https://t.me/ckyl_xd
recale#псих,@deletesessions,https://t.me/deletesessions
серый,@uruskey,https://t.me/uruskey
Walter,@doginsides,https://t.me/doginsides
𝑽𝒂𝒏𝒄𝒉𝒊𝒌,@Vanechek47,https://t.me/Vanechek47
lantex,@userlantex,https://t.me/userlantex
mizeft | +57 rep,@mizeft,https://t.me/mizeft
Solfar | stars 1.37,@Kyrim_Gasish,https://t.me/Kyrim_Gasish
kilarzes,@Kilarzes,https://t.me/Kilarzes
керыч,@givemeruble,https://t.me/givemeruble
gasparyanon @gasparrshop_bot,@lisaxsa,https://t.me/lisaxsa
ы ы,@hejdnss,https://t.me/hejdnss
Hang,@Kfkfgkklg,https://t.me/Kfkfgkklg
SunLight,@sublyyy111,https://t.me/sublyyy111
Kolya,@kolyasaaa,https://t.me/kolyasaaa
Lazaro,@LazaroGarant,https://t.me/LazaroGarant
pterodactyl,@pterodactyl_33,https://t.me/pterodactyl_33
ска́й | Провожу сделки,@sskyynet,https://t.me/sskyynet
Abuomar TTM,@Omararw,https://t.me/Omararw
Khazhiev Mans,@KhazhievMans,https://t.me/KhazhievMans
LARISA Grand Ledi,@grand_ledi,https://t.me/grand_ledi
Belomor 🫆,@UserBelomor,https://t.me/UserBelomor
И,@dfsaraken,https://t.me/dfsaraken
𝓴,@vvkatan,https://t.me/vvkatan
1,@qwuntyyy,https://t.me/qwuntyyy
𝐁𝐢𝐛𝐚 & 𝐁𝐨𝐛𝐚,@Biba_Ambassador,https://t.me/Biba_Ambassador
≋ᛒᛊᛒᚱᚣ≋,@FastBebra,https://t.me/FastBebra
1,@Hdhdhhdhxhxr,https://t.me/Hdhdhhdhxhxr
🅶🅾️🅶🅰️,@SelectRenBau,https://t.me/SelectRenBau
рина,@anonsons,https://t.me/anonsons
Devaxa,@NFTZHDUNA,https://t.me/NFTZHDUNA
SΞRGΞY,@Moysa_Sergey,https://t.me/Moysa_Sergey
dagey,@dagey_jk,https://t.me/dagey_jk
Barney,@guccikilla,https://t.me/guccikilla
"genk || вериф фраги,кб,валет || 100+ реп",@usergenk,https://t.me/usergenk
.,@Hfxgijgfhjj,https://t.me/Hfxgijgfhjj
Gordey🚒,@y3b0k1488,https://t.me/y3b0k1488
Frank White,@juicejayj,https://t.me/juicejayj
Smik,@smik_crypto,https://t.me/smik_crypto
Forser,@forsernft,https://t.me/forsernft
ʟɪᴍʙᴏᴠsᴋɪʏ,@l1mbovskiy,https://t.me/l1mbovskiy
махонатор,@mahonator,https://t.me/mahonator
🤟,@gmrxk,https://t.me/gmrxk
Алесечка,@imalese4ka,https://t.me/imalese4ka
Declan,@Declans2,https://t.me/Declans2
ExUtya,@exUtya,https://t.me/exUtya
Memorall,@Memorall337,https://t.me/Memorall337
Dchek,@Kurmock,https://t.me/Kurmock
Александр,@MBD_official,https://t.me/MBD_official
CRYSTAL | Online,@tgxvc,https://t.me/tgxvc
𝙺𝚕𝚢𝚜𝚑𝚊 𝙱𝚊𝚔𝚕𝚢𝚜𝚑𝚊#антискам | 51☦️,@Klysha_Tag,https://t.me/Klysha_Tag
Денис Евгеньевич | Top trust 6800₽,@Maks_Fraks,https://t.me/Maks_Fraks
Tuma,@tvou_mechta,https://t.me/tvou_mechta
Лясик,@Annebiil,https://t.me/Annebiil
Tina Ellis,@TinaEllis839,https://t.me/TinaEllis839
Nuum Mailer,@nuummail,https://t.me/nuummail
𝐥𝐢𝐠𝐡𝐭𝐢𝐧𝐠,@mmm1241,https://t.me/mmm1241
Алексей Девянин,@Alexey_Devyanin,https://t.me/Alexey_Devyanin
🪪,@ritualert,https://t.me/ritualert
Саша,@nezop,https://t.me/nezop
Legit gift,@LeGiF2,https://t.me/LeGiF2
Bifony,@Bifony,https://t.me/Bifony
😅,@fowwt,https://t.me/fowwt
Maga777,@gamid7771,https://t.me/gamid7771
Положительный | partie,@mo111ennik,https://t.me/mo111ennik
п,@svmoscoww,https://t.me/svmoscoww
.,@woakpa,https://t.me/woakpa
sukurenchick,@Sukurenchick,https://t.me/Sukurenchick
shizz😪,@shizzy7,https://t.me/shizzy7
Александр Сонилунов,@clownkartel,https://t.me/clownkartel
damn,@getrich9111,https://t.me/getrich9111
Анечка,@annayac4ka,https://t.me/annayac4ka
Gregory Harris,@GregoryHarris_v,https://t.me/GregoryHarris_v
goat,@madek1d,https://t.me/madek1d
Wzkev,@Durov_hluxa,https://t.me/Durov_hluxa
pluto,@desertpluto,https://t.me/desertpluto
𝐙𝐞𝐨𝐥𝐨𝐜𝐤 𝐱 𝐒𝐢𝐥𝐯𝐞𝐫𝐢𝐱𝐞,@Zeolock,https://t.me/Zeolock
Death666,@Death_6646,https://t.me/Death_6646
Kaxbe¹⁵⁹,@kaxbee,https://t.me/kaxbee
ᅠOOO «BMANSHIK» ᅠ ᅠ,@kkkogotdw,https://t.me/kkkogotdw
сашок,@alt7im,https://t.me/alt7im
Ваня,@tieyeeue,https://t.me/tieyeeue
res,@res_tag,https://t.me/res_tag
Garaq#skup,@Garadssa,https://t.me/Garadssa
sky-sopranov.,@skysopranov,https://t.me/skysopranov
Greh,@fuckgreh,https://t.me/fuckgreh
uwu,@nncmsj,https://t.me/nncmsj
Move,@spatlov,https://t.me/spatlov
31,@nft_topgarant,https://t.me/nft_topgarant
миронов,@swatvoys,https://t.me/swatvoys
Бобка Марихуановый,@BobaTag,https://t.me/BobaTag
.,@amdgl,https://t.me/amdgl
Maxim Demidovich,@maxiviane,https://t.me/maxiviane
ʏᴜᴋɪᴋᴀɢᴇ • ᴅᴇsɪɢɴ,@ignatenok1,https://t.me/ignatenok1
Phønk @mrkt,@td_mrkt,https://t.me/td_mrkt
tether,@vampnfc,https://t.me/vampnfc
𝗌𝗐𝗈𝗋𝖾𝖽𝖼𝖺𝗉,@sworedcap,https://t.me/sworedcap
Whyghexy,@whyghexyattack,https://t.me/whyghexyattack
порабола,@FizzyStetic,https://t.me/FizzyStetic
Politra #pa #mr,@Hyilaj,https://t.me/Hyilaj
метадон,@uncevt,https://t.me/uncevt
Фас,@fas_hil45,https://t.me/fas_hil45
PREVASXODNUY/TT #mir,@O_tmen_a,https://t.me/O_tmen_a
ᴄᴏᴅᴇʀ | platina.,@FabrikaAdministration,https://t.me/FabrikaAdministration
ㅤㅤㅤㅤ,@dayn10012,https://t.me/dayn10012
𝐊𝐢𝐫𝐫𝐚,@offkirra,https://t.me/offkirra
V,@popiliyman,https://t.me/popiliyman
"@Tuilks +//""Designer""",@Tuilks,https://t.me/Tuilks
𝗯𝗮𝗻𝗶𝘁𝗼,@BanitoRich,https://t.me/BanitoRich
Aa981,@gdkskxjx,https://t.me/gdkskxjx
Shikra,@Vinuboss7,https://t.me/Vinuboss7
харди,@odymalsya,https://t.me/odymalsya
𝐃𝐚𝐫𝐥𝐢𝐧𝐠,@xifex,https://t.me/xifex
Karachipq || 88+ reviews💸,@Pystak71,https://t.me/Pystak71
ꘜHarry | продам ручения,@budulap,https://t.me/budulap
ᴋᴏʀᴀᴛᴇʟ додеповский,@KorateIl,https://t.me/KorateIl
Abadire,@Abadir0942,https://t.me/Abadir0942
ANIGERIIA vostal #Восход,@Bosxodddd,https://t.me/Bosxodddd
Zeroff,@Zeroffwhite,https://t.me/Zeroffwhite
⁠⁠⁠⁠⁠⁠⁠⁠⁠⁠⁠⁠⁠⁠⁠⁠⁠⁠⁠⁠⁠⁠⁠⁠⁠wakko,@flipgoat,https://t.me/flipgoat
Артем,@St1fix_alone,https://t.me/St1fix_alone
dear baska,@angelinkaa_v,https://t.me/angelinkaa_v
mewe,@mewe_tc,https://t.me/mewe_tc
Dmitry,@Bratt_01,https://t.me/Bratt_01
Hespara,@nnwert,https://t.me/nnwert
egor,@percgod44,https://t.me/percgod44
Хлеб,@iaoiiai,https://t.me/iaoiiai
морфин,@morfilns,https://t.me/morfilns
.,@xzzdxt,https://t.me/xzzdxt
+888 888,@Modrids,https://t.me/Modrids
ROBIN <3,@rob1nss,https://t.me/rob1nss
ꂑꋊꄞꈼꌅꋊꁲ꒒,@Huntvqq,https://t.me/Huntvqq
ᴘᴀssыʟ ᴄʜɪʟʟ-ᴀ,@palmwind,https://t.me/palmwind
galactika,@pluggalactika,https://t.me/pluggalactika
fix,@evengodcries,https://t.me/evengodcries
zxc dota 2,@psixfrik,https://t.me/psixfrik
Musa,@Musa29098,https://t.me/Musa29098
Tony Montana,@gercag_tg,https://t.me/gercag_tg
Lin,@keeeepop,https://t.me/keeeepop
повесть военного компьютера,@richgodless,https://t.me/richgodless
…,@ntq14,https://t.me/ntq14
MANAGERR,@universeMNG,https://t.me/universeMNG
Insss,@Insanitytonz,https://t.me/Insanitytonz
трастер @drainerprice,@trusterttback,https://t.me/trusterttback
D3VO AE,@d3vou,https://t.me/d3vou
ꪗꪖꪀ𝘬ꪖ,@ILoveYanysik,https://t.me/ILoveYanysik
Heven,@heven181,https://t.me/heven181
ᅠᅠ,@wolxl,https://t.me/wolxl
MacDuff,@cryptomacduff,https://t.me/cryptomacduff
holylllexss,@MilauPoli,https://t.me/MilauPoli
античность,@methpsychosic,https://t.me/methpsychosic
︎,@Spaski076,https://t.me/Spaski076
ᴜᴍʙʀᴇʟʟᴀ ᴅᴇᴀᴅꜱɪᴢᴇ,@UsedUmbrella,https://t.me/UsedUmbrella
†ᴀɪᴢᴇɴ †🗣️,@qwtyrj,https://t.me/qwtyrj
Hlam Нохчи 🇩🇪,@hlam2k,https://t.me/hlam2k
𝗗𝗜𝗞𝗧𝗢𝗥,@ddirh,https://t.me/ddirh
Геля,@gelya_okx,https://t.me/gelya_okx
𝒾𝓁𝒶,@piplzxz,https://t.me/piplzxz
frances,@Jewele7777,https://t.me/Jewele7777
lleenn,@v9h123,https://t.me/v9h123
Azik🖕,@azikkzn,https://t.me/azikkzn
артур,@murdsreo,https://t.me/murdsreo
𝗟𝗼𝗿𝗱𝗶𝗸|вериф фраги 1.5$,@Prem_ecstacy,https://t.me/Prem_ecstacy
викуся,@vikawpww,https://t.me/vikawpww
Stapmes | Design,@Stapmes_Design,https://t.me/Stapmes_Design
𝒄𝒉𝒊𝒔𝒕𝒐𝒐𝒔𝒊𝒑,@friosip,https://t.me/friosip
Swashnik,@SwashnikShop,https://t.me/SwashnikShop
𝓬𝓪𝓹𝓲𝓽𝓪𝓵𝓲𝓴𝓪 подпишу любой опер,@kykyky12345,https://t.me/kykyky12345
amir,@lli7JH,https://t.me/lli7JH
✉️H3gative👻,@ttv_DARK,https://t.me/ttv_DARK
Miky,@Miky_id,https://t.me/Miky_id
вод5,@wxtrs,https://t.me/wxtrs
Salatik,@Ogureckrutoy,https://t.me/Ogureckrutoy
Анчеус,@An4eys910,https://t.me/An4eys910
𝙅𝙚𝙩!𝙭,@Jetukc,https://t.me/Jetukc
desorat | stars 1.35,@desorat,https://t.me/desorat
Rumplestiltskin,@Coin_var,https://t.me/Coin_var
royaltidd,@royaltidd,https://t.me/royaltidd
ARMANI,@NA_FAKS,https://t.me/NA_FAKS
Марат Башаров,@osmanixx7,https://t.me/osmanixx7
mohan,@veopr,https://t.me/veopr
ᅠ,@Verdict_0f_Value,https://t.me/Verdict_0f_Value
Дам ворк support 24/7,@burn_market_sapport,https://t.me/burn_market_sapport
OneLove,@qiqyp,https://t.me/qiqyp
𝓚𝓘𝓝𝓖 𝓞𝓕 𝓒𝓒𝓖,@SkinnyBoySwag,https://t.me/SkinnyBoySwag
beat,@swagbeatss,https://t.me/swagbeatss
ᴛᴏɴʏ,@ebyrz,https://t.me/ebyrz
.,@dvsuen,https://t.me/dvsuen
🍀,@reportuna,https://t.me/reportuna
ляхин,@designerxsx,https://t.me/designerxsx
Thomas Kralow |,@thomaskraIiowru,https://t.me/thomaskraIiowru
егор,@somendq,https://t.me/somendq
Deborah Johnson #Верховныйфедерал,@LorensAnderson,https://t.me/LorensAnderson
zalet,@nuzalet,https://t.me/nuzalet
Владислава Маньяк,@souldarett,https://t.me/souldarett
Rekiter,@grozovq,https://t.me/grozovq
𝚂𝚢𝙿𝚃ik0987 个,@YTSyPT0987xd,https://t.me/YTSyPT0987xd
….,@subo_gift_pay,https://t.me/subo_gift_pay
Фф,@KathrynGarcia_q,https://t.me/KathrynGarcia_q
FOX IK (M),@garant_gryppi,https://t.me/garant_gryppi
🗽,@winston987,https://t.me/winston987
𐌳𐍃𐍄𐌴𐍂|H𐌴𐍂𐌏,@Aster_Scary,https://t.me/Aster_Scary
scandalov,@anohymousember,https://t.me/anohymousember
𝑻𝑬𝑴𝑨,@Xtemik,https://t.me/Xtemik
Зубной саня,@zybn0i,https://t.me/zybn0i
Slepooi AFK на пару недель,@Slepoooooi,https://t.me/Slepoooooi
Непревзойденный Евгений,@hellchip,https://t.me/hellchip
𝘼𝙡𝙘𝙤𝙧𝙚,@eu_alcore,https://t.me/eu_alcore
Alexey,@Ne1nz,https://t.me/Ne1nz
ХасБик,@XVSBIK,https://t.me/XVSBIK
industry,@eurodollareuro,https://t.me/eurodollareuro
Оскар,@Mansorry888,https://t.me/Mansorry888
Y,@Huegslovka83,https://t.me/Huegslovka83
JAKES,@jakesertt,https://t.me/jakesertt
ᗷ,@Hrepe,https://t.me/Hrepe
Max,@maxxj29,https://t.me/maxxj29
h1ynett,@rty_one,https://t.me/rty_one
MD_Shopon _Ahmed,@shoponahmed13,https://t.me/shoponahmed13
.,@asasinvor,https://t.me/asasinvor
Soon,@Wn2hiw,https://t.me/Wn2hiw
UZS [ЧЕК БИО],@uzs_manager1,https://t.me/uzs_manager1
Tuhin B,@tuhinahmed100,https://t.me/tuhinahmed100
sharlotka 🥧,@tg_sharlotka,https://t.me/tg_sharlotka
bloody,@bloodyfree,https://t.me/bloodyfree
sevony,@sevony,https://t.me/sevony
темщик,@Xjpsef,https://t.me/Xjpsef
Андрей село,@kwevu,https://t.me/kwevu
Хлеб,@StylchikPylchik,https://t.me/StylchikPylchik
M,@hbkkkkkko,https://t.me/hbkkkkkko
Twinkling,@Twinkling6,https://t.me/Twinkling6
рафаэль,@Sohwj66,https://t.me/Sohwj66
MeDvedev [ Emoji Maker ],@MedvedGood,https://t.me/MedvedGood
schizophrenia,@fxznv,https://t.me/fxznv
Lead,@O0O00OO000OO000,https://t.me/O0O00OO000OO000
хД,@CE0N_GARANT,https://t.me/CE0N_GARANT
Вован,@Lucker111,https://t.me/Lucker111
flying rapidly upward,@drochilniyy,https://t.me/drochilniyy
John Joyce #ШИПЫ #SKEETJOYNER,@relayerncxnxc,https://t.me/relayerncxnxc
Abdullokh,@frozen_unique,https://t.me/frozen_unique
максим,@maksimka_aaaaa,https://t.me/maksimka_aaaaa
Миша,@zouqk,https://t.me/zouqk
...,@Transmitusdt,https://t.me/Transmitusdt
safa,@rsInvna,https://t.me/rsInvna
Илья Николаевич 🕸️,@KricTag,https://t.me/KricTag
С,@tilitilitesto1,https://t.me/tilitilitesto1
𝓐𝓵𝓲𝓣𝓻𝓪𝓯𝓲𝔁𝓗𝓾𝓫 #Muler,@AliTrafixHub,https://t.me/AliTrafixHub
👾,@drugdiller67,https://t.me/drugdiller67
Kiss,@Kisloveme,https://t.me/Kisloveme
🇦🇺,@Trysihky,https://t.me/Trysihky
Е.,@Egor2121k,https://t.me/Egor2121k
у,@wufiv,https://t.me/wufiv
w2pex,@w2pex,https://t.me/w2pex
Макс,@maxjjj29,https://t.me/maxjjj29
fastikss Mk♰,@fastikss_fiz,https://t.me/fastikss_fiz
Renee Henderson,@amber352,https://t.me/amber352
Слюнявый,@ff1aq,https://t.me/ff1aq
Arsen,@asssrgg,https://t.me/asssrgg
voluitness,@beloveparis,https://t.me/beloveparis
Маша Буралёва,@IzgoyNoob,https://t.me/IzgoyNoob
saymon,@SaymonShkaf,https://t.me/SaymonShkaf
Sanya,@Governo777,https://t.me/Governo777
Prometheus🦇🏁,@Savitar_07,https://t.me/Savitar_07
ssssssssssssssss,@alfa900bank,https://t.me/alfa900bank
𝐷𝑖𝑛𝑛𝑒𝑟𝑐ℎ𝑖𝑘 ୨୧,@Dinnerchik,https://t.me/Dinnerchik
Ярослав Матт!оззов,@matteoXaXa,https://t.me/matteoXaXa
Corvus💎 | верифаю,@corvusdef,https://t.me/corvusdef
Рассылка,@kentzrebiko,https://t.me/kentzrebiko
Krozx,@Krozxx,https://t.me/Krozxx
Bogdan Бережний,@Sendii10,https://t.me/Sendii10
павшая смерть#япринестебеболь #Osint tees,@Sergey_Shalopai,https://t.me/Sergey_Shalopai
Ferz𝓲k,@rupatavrs,https://t.me/rupatavrs
𝙍𝙪𝙗𝙡𝙚𝙫𝙨𝙠𝙮,@Rublevsky_ru,https://t.me/Rublevsky_ru
Luff,@ksjjdd12,https://t.me/ksjjdd12
Конец?,@badcekc,https://t.me/badcekc
Лоникс,@loniox0,https://t.me/loniox0
Corexx,@Corexx_Cr,https://t.me/Corexx_Cr
xxmmrg,@yyywiwe,https://t.me/yyywiwe
Михаил,@Mihail_garant,https://t.me/Mihail_garant
humble,@mutedluxury,https://t.me/mutedluxury
Renzisss,@Renzisss007,https://t.me/Renzisss007
Zara💨,@vvsonmywristsw,https://t.me/vvsonmywristsw
Кредант | селл tg,@credant,https://t.me/credant
KACHER,@kkacher,https://t.me/kkacher
homeov,@homeov,https://t.me/homeov
.HavaYoo,@DollarGoy,https://t.me/DollarGoy
Krivetka776(<^-^>),@krivetka776,https://t.me/krivetka776
𝕮𝖆𝖕𝖞𝖇𝖆𝖗𝖆,@capybara_zxc,https://t.me/capybara_zxc
godmode\,@godmoddds,https://t.me/godmoddds
Nekruz,@Nekruz_pp,https://t.me/Nekruz_pp
ᅠ ᅠ ᅠ,@otsosimb,https://t.me/otsosimb
lv,@ahvzl,https://t.me/ahvzl
Юлий ипотека,@yulaipoteka,https://t.me/yulaipoteka
Epstein mentality.,@opasn_shop,https://t.me/opasn_shop
𝑩𝑬𝑿𝑨 || 𝑴𝑴 3%,@zxwwsv,https://t.me/zxwwsv
ʍᴀня,@OTBPAT,https://t.me/OTBPAT
Zalny°♊,@Laminut,https://t.me/Laminut
ᅠ ᅠ,@beerka_69,https://t.me/beerka_69
Slavik,@Real7813,https://t.me/Real7813
смоган мёртв нахуй,@smoqan,https://t.me/smoqan
່,@Tqem_vret_ara,https://t.me/Tqem_vret_ara
Mogilov,@mogilovv,https://t.me/mogilovv
Dragoni,@ton_dragoni,https://t.me/ton_dragoni
Orbit_futik,@futik_skreitch,https://t.me/futik_skreitch
#1 st,@strvxgod,https://t.me/strvxgod
black kent,@appceI,https://t.me/appceI
.,@evangeIskly,https://t.me/evangeIskly
Emil,@emilgaranty,https://t.me/emilgaranty
#пумафей🫩,@pumafei,https://t.me/pumafei
AFKfensik,@AFKfenselll,https://t.me/AFKfenselll
Матвей,@Matveiccc,https://t.me/Matveiccc
kkrm,@mlkmla,https://t.me/mlkmla
𝗔𝗽𝗮𝘁𝗵𝘆 | 50+𝗿𝗲𝗽 | $/₽,@Apathy_Tyller,https://t.me/Apathy_Tyller
Omarov Сделки 0%,@Tether_Makhachkala,https://t.me/Tether_Makhachkala
рассыл rackriper,@rassilka_rr,https://t.me/rassilka_rr
|,@Brolerl,https://t.me/Brolerl
matvey ( скупаю $ в любом объеме ),@form1ss,https://t.me/form1ss
sigma,@slvrg,https://t.me/slvrg
goated,@copr0,https://t.me/copr0
Ярослав,@PROKAZNIK_TYTA,https://t.me/PROKAZNIK_TYTA
707,@October_mimo,https://t.me/October_mimo
mаллерия,@O101010O101,https://t.me/O101010O101
anonim,@Ua_anonim,https://t.me/Ua_anonim
Hiller Verify,@hiller_services,https://t.me/hiller_services
Матвей Баталев,@batally98,https://t.me/batally98
no bio,@qustj,https://t.me/qustj
k,@pentagramsdeal,https://t.me/pentagramsdeal
женек ветмов✌️,@fuckedmedia,https://t.me/fuckedmedia
Кимпиньтяо,@nikito289,https://t.me/nikito289
🇯🇵 | ⲃⳑⲁⲥⲕⲋⲧⲁʀ4ⲓⲕ7,@blackstar4ik7,https://t.me/blackstar4ik7
тастончик,@taston_crypto,https://t.me/taston_crypto
Aveo 🇩🇪,@whyaweo,https://t.me/whyaweo
Heol#MQQN,@Heolteg,https://t.me/Heolteg
🤴🏽,@BentlyBenz001,https://t.me/BentlyBenz001
S,@ramzic52,https://t.me/ramzic52
Forever,@YoungHefner52,https://t.me/YoungHefner52
Калгас,@bricksholic,https://t.me/bricksholic
Менеджер,@vape_rzn_2,https://t.me/vape_rzn_2
你去找 @batu 霸下 @bxbx,@OG_luxee,https://t.me/OG_luxee
Nick,@zavitovskiy,https://t.me/zavitovskiy
Богатый паренек😎,@yynak_1,https://t.me/yynak_1
4rThAss,@data_data0,https://t.me/data_data0
интяй,@Ientyay,https://t.me/Ientyay
imitation,@socaillisn,https://t.me/socaillisn
nomioula (ИЩУ ОБЪЕМ МАХ),@nomioulaa,https://t.me/nomioulaa
Maha,@K4KLOL,https://t.me/K4KLOL
лаймк,@sstexc,https://t.me/sstexc
ŦӸ_गקტℳໂℋяᏁ4_₭ǿ℘ờՈя_ዟȺ_Ոℰᗯᶄ௶,@israelchan,https://t.me/israelchan
murder,@youmurderq,https://t.me/youmurderq
🇸🇪 Aiden Pearce,@trademale,https://t.me/trademale
samir,@skameers,https://t.me/skameers
🪞,@alimardonov1337,https://t.me/alimardonov1337
Solo LvLing | 50+ rep,@SoIo_LvLing,https://t.me/SoIo_LvLing
ㅤ,@c2128,https://t.me/c2128
Hooker | сделки 2%,@otrewec,https://t.me/otrewec
ceoofftonnel,@ceoofftonnel,https://t.me/ceoofftonnel
Мен,@mench1k,https://t.me/mench1k
ꫝ,@qwertyuccc,https://t.me/qwertyuccc
Simon •,@simon_millionaire,https://t.me/simon_millionaire
ᴧᴀйᴛ🚏 †,@LightTeg,https://t.me/LightTeg
Aurelian | проведу | sell руч,@aurelian_garant,https://t.me/aurelian_garant
DNS / PS / PC,@DnsPsPc,https://t.me/DnsPsPc
Путин Владимир,@Kirill00ter1,https://t.me/Kirill00ter1
🫂,@qaqqr,https://t.me/qaqqr
Dolphin 🐬sell ton,@goglenah,https://t.me/goglenah
"𝙺𝙾𝙼𝙰𝚁𝚄(""⁧;("" 🌲",@Komaru1l,https://t.me/Komaru1l
sosi_jopy,@sosi_jopy777,https://t.me/sosi_jopy777
.,@xczvpl,https://t.me/xczvpl
Никита,@Nikita_3434,https://t.me/Nikita_3434
né avec une cuillère en argent,@vampirelineage,https://t.me/vampirelineage
Vedomui///мирни́,@Vedomui,https://t.me/Vedomui
X-user,@i9103,https://t.me/i9103
ussr,@ussrov1,https://t.me/ussrov1
;/////////:,@xx1kaa,https://t.me/xx1kaa
антипролитов,@Hunteranti,https://t.me/Hunteranti
manipulation ghoul,@easymanipulation,https://t.me/easymanipulation
jojo sumer,@mdmdmdmd002,https://t.me/mdmdmdmd002
Santa❌афк,@garantlica,https://t.me/garantlica
Ink,@inknames,https://t.me/inknames
lavlinov #фембойчик#паблоэскобар,@CBOI_I_INIK,https://t.me/CBOI_I_INIK
𝘼𝙧𝙞𝙣𝙖,@cryptoauvi174,https://t.me/cryptoauvi174
Вероника,@Tkd0gDxVoB,https://t.me/Tkd0gDxVoB
MD Alamin,@OWNER_ALAMIN,https://t.me/OWNER_ALAMIN
𝐑𝐚𝐲𝐳𝐢,@rayziDARK,https://t.me/rayziDARK
ᕼ ᙭ 7,@hx777x,https://t.me/hx777x
dfff,@kurmell228,https://t.me/kurmell228
korepi kaashak,@tonkorepi,https://t.me/tonkorepi
𝚊𝚋𝚍𝚞𝚕𝚕𝚘𝚓𝚘𝚗𝚘𝚟 | продаю тоны,@abdljnv,https://t.me/abdljnv
milkov,@shluxhaa,https://t.me/shluxhaa
qrowi,@qrowi,https://t.me/qrowi
ꜰɪᴘᴋᴀ,@Fip4ik,https://t.me/Fip4ik
ㄨ crash,@uoaeh,https://t.me/uoaeh
Solncev,@kiplos,https://t.me/kiplos
Серега,@meowzxcger,https://t.me/meowzxcger
хеллинд,@euroxel,https://t.me/euroxel
😺😺😺,@pipifns,https://t.me/pipifns
Hazik,@takoyhazik,https://t.me/takoyhazik
forevrov,@forevrov,https://t.me/forevrov
Corteizov,@Corteizov,https://t.me/Corteizov
𝑀𝑟.𝑏𝑒𝑟❄️,@MrBergert,https://t.me/MrBergert
.,@Kxmjdih,https://t.me/Kxmjdih
Valentino,@vaIida_net,https://t.me/vaIida_net
Higato×,@Higatoz,https://t.me/Higatoz
.,@OtcGiftManager,https://t.me/OtcGiftManager
deadinside drain paranoid toxic bipolar depressed tilted antisocial,@vaIet,https://t.me/vaIet
K,@fuckyetti,https://t.me/fuckyetti
𝚖&𝚖,@arbinin,https://t.me/arbinin
даря,@koshkamyaup,https://t.me/koshkamyaup
КЦСОН,@fftester,https://t.me/fftester
ᅠᅠᅠᅠᅠᅠᅠᅠᅠᅠᅠᅠᅠᅠᅠ ᅠᅠ,@Susjsjsia,https://t.me/Susjsjsia
ꘜ vackboy,@vackboy,https://t.me/vackboy
Огурец | Размен | $ ₽ ₴ ₸ |,@Cucumberteg,https://t.me/Cucumberteg
unkievich,@unkievich,https://t.me/unkievich
wortexx,@mx2_xx,https://t.me/mx2_xx
Данил,@skillcrime,https://t.me/skillcrime
bam,@vozmm,https://t.me/vozmm
❷⓪❷,@smnaip,https://t.me/smnaip
Darov garant | ПРОВЕДУ,@darov_tag,https://t.me/darov_tag
uoqicx,@uoqicx,https://t.me/uoqicx
batya cherry | snoser,@bomxxsn,https://t.me/bomxxsn
Tayessa | Отлеги 5-10 лет | stars 1.45,@extrasonny,https://t.me/extrasonny
Pride,@zan0va,https://t.me/zan0va
Wang,@warteror,https://t.me/warteror
сын дурова🕶️,@vetements99,https://t.me/vetements99
Drainer,@Snqoo,https://t.me/Snqoo
Продавец накрутку,@avtorasss,https://t.me/avtorasss
Wels,@anonwels,https://t.me/anonwels
Aɴ|ᴛᴏɴ|,@Kirieshk_in,https://t.me/Kirieshk_in
77r,@w2rrq,https://t.me/w2rrq
•-•,@hheud1,https://t.me/hheud1
grovke,@grovkescam,https://t.me/grovkescam
Wairix,@wairixxx,https://t.me/wairixxx
e.maktab | premium,@emaktab_premium,https://t.me/emaktab_premium
Тимур,@Tfart11,https://t.me/Tfart11
Pav,@Gasansoso,https://t.me/Gasansoso
︎ ︎,@nerqap,https://t.me/nerqap
Nigma_garant 100+,@Nigma_garant,https://t.me/Nigma_garant
almost,@almost_tg,https://t.me/almost_tg
Kenster,@HYSTERICAL_78,https://t.me/HYSTERICAL_78
𝑨𝒍𝒆𝒌𝒔𝒆𝒚_𝒂𝒗𝒊𝒕𝒐 | 𝑾𝒐𝒓𝒌🌪️,@ABITOmany,https://t.me/ABITOmany
🐆,@nnnx_888,https://t.me/nnnx_888
Основатель гей клуба💀,@mastyrbek18,https://t.me/mastyrbek18
swaga,@pollasid,https://t.me/pollasid
💥,@ClearGiftDeals,https://t.me/ClearGiftDeals
­­,@mmmtimegg,https://t.me/mmmtimegg
Floyd F$ck,@Floyit,https://t.me/Floyit
linkyyy,@yoursocialpartner,https://t.me/yoursocialpartner
Данька,@KopTu,https://t.me/KopTu
Понторез,@useroxax,https://t.me/useroxax
ʍᴇнᴛoʙᴄᴋий ʙοзʍᴇздиᴇ | ѕᴇʟʟ ꜰɪᴢ,@FuckMentovsky,https://t.me/FuckMentovsky
Сус Рамирез,@n3post,https://t.me/n3post
zhbask,@oozig,https://t.me/oozig
Алексей Crime,@cryptodrimer,https://t.me/cryptodrimer
.,@Timikcryt,https://t.me/Timikcryt
) ),@amo2207,https://t.me/amo2207
Анлак Анлак,@deffworking,https://t.me/deffworking
аллен,@skycults,https://t.me/skycults
пленник апатии,@boje_glock,https://t.me/boje_glock
ɴɪᴋɪᴛᴀ,@nikitabyq,https://t.me/nikitabyq
vait,@Va1t0v,https://t.me/Va1t0v
Right,@yagamiii12,https://t.me/yagamiii12
σιρεξ⁹²,@gxcne,https://t.me/gxcne
wmurdd,@mixmxxxi,https://t.me/mixmxxxi
wek88,@wek88,https://t.me/wek88
//.,@hidencash,https://t.me/hidencash
бодя,@bonsaefas,https://t.me/bonsaefas
.,@glebushlebuss,https://t.me/glebushlebuss
Jisan,@Jisan2822,https://t.me/Jisan2822
Phantom,@anlacer,https://t.me/anlacer
meowerrty,@meowerrty2,https://t.me/meowerrty2
MAX || +REP 29,@max_anonim,https://t.me/max_anonim
Невзоров Евгений,@dddaaaaqe,https://t.me/dddaaaaqe
flywaх,@flywaXXX,https://t.me/flywaXXX
ᴏᴋᴇᴀɴ,@osinter_moder2,https://t.me/osinter_moder2
name,username,link
Lera,@lero4jka,https://t.me/lero4jka
Group Help,@GHClone4Bot,https://t.me/GHClone4Bot
FashRoomManager,@FashRoomManager,https://t.me/FashRoomManager
Kadzuma,@Maulseni,https://t.me/Maulseni
Че писать то?,@Snowy_flast,https://t.me/Snowy_flast
Таксист 🔞🔞,@flxyyyy_nik,https://t.me/flxyyyy_nik
Damir Savinov,@Tetsu_xx,https://t.me/Tetsu_xx
Роман,@roomsiik,https://t.me/roomsiik
_kit_,@dangerkit1224,https://t.me/dangerkit1224
AG,@AG_925_7,https://t.me/AG_925_7
Goofy agh,@Goofyagh133,https://t.me/Goofyagh133
offended,@offsecdev,https://t.me/offsecdev
Лера,@Mini_Lulo,https://t.me/Mini_Lulo
Владыка mинетов.-..🩸,@mmpm1_3,https://t.me/mmpm1_3
🩸nasvaй🥷,@nasvaaaaaaaaai,https://t.me/nasvaaaaaaaaai
𝐃𝐞𝐥𝐨𝐯𝐚𝐫 || 𝐂𝐡𝐞𝐜𝐤 𝐁𝐈𝐎🔗,@delovar_smoke,https://t.me/delovar_smoke
👩‍🦽_____________🚓_________________________,@Nktopon,https://t.me/Nktopon
offended,@systemintrusion,https://t.me/systemintrusion
Georgijs,@Georg1js,https://t.me/Georg1js
Давид,@barmen223,https://t.me/barmen223
Сеня,@Skidajs,https://t.me/Skidajs
Евгений Ситников,@Evgenij_Sitnikov,https://t.me/Evgenij_Sitnikov
Onelio,@ooccbb,https://t.me/ooccbb
Valdis,@labaisw,https://t.me/labaisw
Delta,@delta_ez,https://t.me/delta_ez
Pavlik,@pavlikktg,https://t.me/pavlikktg
нордик ранальда криштианус,@yesnord,https://t.me/yesnord
Никита,@Nikita64og5,https://t.me/Nikita64og5
°merkionzz🍃🌿,@merkion,https://t.me/merkion
🂱Чивапчече🂱,@hmm_p0,https://t.me/hmm_p0
.,@lalalalxn,https://t.me/lalalalxn
ᛗᚨᛏᛁᛋᛋ🇱🇻 卐zeighhail卐,@proudtobewhite1488,https://t.me/proudtobewhite1488
Bennis,@kaba4onokWap,https://t.me/kaba4onokWap
EvN Plug,@EvN_Plug,https://t.me/EvN_Plug
s s,@ebankoracing888,https://t.me/ebankoracing888
🥷🏽🥷🏽🥷🏽,@Babaljubaa,https://t.me/Babaljubaa
Ralfs,@taxibambila,https://t.me/taxibambila
Сергей,@sergey_melow,https://t.me/sergey_melow
Maija,@talivaldisss,https://t.me/talivaldisss
drip4ik ᅠ ︎ ︎ ︎ ︎ ᅠ ︎ ︎ ︎ ︎,@nadrip4iki,https://t.me/nadrip4iki
160 IQ сабио,@iq160sabi77,https://t.me/iq160sabi77
danëk,@zazaopm,https://t.me/zazaopm
миша,@asenizators,https://t.me/asenizators
Capitan Price🐈‍⬛,@Fer1xx3,https://t.me/Fer1xx3
... Beats,@Frantsiy,https://t.me/Frantsiy
Cartel,@trr1ps,https://t.me/trr1ps
Pacifist,@pacifist_t,https://t.me/pacifist_t
Daņiils,@daniilsjav,https://t.me/daniilsjav
Twixxx,@twixxqwe,https://t.me/twixxqwe
Bembists,@Bemmbistss,https://t.me/Bemmbistss
___,@ice_chili,https://t.me/ice_chili
mila,@milkissfm,https://t.me/milkissfm
Chief Manager,@OnlyFits21,https://t.me/OnlyFits21
qamryna,@qamrynaa,https://t.me/qamrynaa
ʌlᴉnʌ,@awotmn,https://t.me/awotmn
∆ FIND ∆ ME ∆,@find_me7777,https://t.me/find_me7777
zgk_jr,@zgk_jr,https://t.me/zgk_jr
📻Радио ведущий 📻,@Lada6129,https://t.me/Lada6129
Viktor Filin,@vikyir,https://t.me/vikyir
Имант,@ta_tak22,https://t.me/ta_tak22
Megija🪽,@bymegija,https://t.me/bymegija
Влад,@Vasabi0LV,https://t.me/Vasabi0LV
.,@MakiZxclil,https://t.me/MakiZxclil
Heven kent,@heevenq,https://t.me/heevenq
arina,@arja_q,https://t.me/arja_q
🤷🏻‍♀️,@tutut_nt,https://t.me/tutut_nt
…,@ueueueyeuey,https://t.me/ueueueyeuey
Дик,@kent101sos,https://t.me/kent101sos
Бардин,@Maksuta2d,https://t.me/Maksuta2d
Милана 120кг,@milanarealsigma,https://t.me/milanarealsigma
Iphone,@guruuuu228,https://t.me/guruuuu228
Эдуард,@zea_jun,https://t.me/zea_jun
Эрвин Кригхейт,@SSSSNEFFAW,https://t.me/SSSSNEFFAW
×°GustekWT°×,@thegusteeek,https://t.me/thegusteeek
LMNTRIX Úle,@LMNTRIXULE,https://t.me/LMNTRIXULE
romzz.surge,@romzz_0,https://t.me/romzz_0
ɪᴛs.ᴍᴀx ✨,@maxxsoyni,https://t.me/maxxsoyni
zxsoullssc,@crxqiand2,https://t.me/crxqiand2
Valee,@Ghh_valee,https://t.me/Ghh_valee
Vlodrat,@Vlodrat,https://t.me/Vlodrat
эля,@atLasbouquet,https://t.me/atLasbouquet
.dnyq,@md8lik,https://t.me/md8lik
xraze,@ustindezelin,https://t.me/ustindezelin
Кирюша,@kirilchik01,https://t.me/kirilchik01
Okay bro,@ivan_826,https://t.me/ivan_826
София,@sofijadv,https://t.me/sofijadv
♡ *,@AsjaK_kkk,https://t.me/AsjaK_kkk
emphazor manager,@emphazor1,https://t.me/emphazor1
Wrtx,@Lil_wrtx,https://t.me/Lil_wrtx
🌞☀️,@hairseu,https://t.me/hairseu
Лично,@Samokattop_68,https://t.me/Samokattop_68
#,@Olosda,https://t.me/Olosda
Стефан,@Navi_fix,https://t.me/Navi_fix
🧿,@drriffull,https://t.me/drriffull
max,@mbapesta,https://t.me/mbapesta
КИЕТ,@K1ETT,https://t.me/K1ETT
🎶 ♡ китья ♡,@lolyktormoz0,https://t.me/lolyktormoz0
egor41ks | 1237,@egor41ks_1237,https://t.me/egor41ks_1237
автостоп | extwyzee,@avtostopchik,https://t.me/avtostopchik
ED Gars,@ED_Gars,https://t.me/ED_Gars
Никита🫨,@rar1hhhh,https://t.me/rar1hhhh
𝖋3𝖓𝖞,@agentfeny,https://t.me/agentfeny
ᛉ Dozzi ᛉ,@Xdrr0,https://t.me/Xdrr0
Demonoud,@Demonoud,https://t.me/Demonoud
Роман Титов,@titovromans,https://t.me/titovromans
.,@ceopluggga,https://t.me/ceopluggga
кхоликк,@kxolikk,https://t.me/kxolikk
꧁𝓥K𝐮𝐬𝓷I T𝓸R𝓽𝓲k꧂,@Mini_hominii,https://t.me/Mini_hominii
£,@paininlv,https://t.me/paininlv
.,@Warwa_rkin,https://t.me/Warwa_rkin
Voskresenskii,@Voskresenskii12,https://t.me/Voskresenskii12
Andrejs,@klesharaa,https://t.me/klesharaa
??? ???,@sv3r43k,https://t.me/sv3r43k
sordw,@foryngz,https://t.me/foryngz
Stepawka,@Stepawkaz,https://t.me/Stepawkaz
ᅠᅠᅠᅠᅠᅠᅠᅠᅠᅠᅠᅠᅠᅠᅠᅠᅠᅠ,@xZz_po,https://t.me/xZz_po
217,@L217A,https://t.me/L217A
Тимофей,@NeMoDZE,https://t.me/NeMoDZE
Тимур Тимур,@volosatik52,https://t.me/volosatik52
Anridr,@anridr,https://t.me/anridr
X,@sshopX,https://t.me/sshopX
Егор,@nelorex,https://t.me/nelorex
kunx,@afisilis,https://t.me/afisilis
(@)?,@Abmgjs,https://t.me/Abmgjs
Polinocka ✨,@polya261106,https://t.me/polya261106
Fanta_Tesak,@Fanta_tesak,https://t.me/Fanta_tesak
WWW,@WWWCKDLV,https://t.me/WWWCKDLV
Gust,@User726380276,https://t.me/User726380276
Jr,@jegor8r,https://t.me/jegor8r
Подарки в Риге | 14 февраля,@rigainfrose,https://t.me/rigainfrose
V1ste,@V1perss1,https://t.me/V1perss1
Jaroslav KUSH,@KUSH54,https://t.me/KUSH54
Man,@Gleeeeebs,https://t.me/Gleeeeebs
𝔻𝕦𝕞𝕖𝕜𝕚𝟚𝟚𝟜𝟜,@Dumeki2244,https://t.me/Dumeki2244
︎,@fidofjene,https://t.me/fidofjene
bulatovvvs,@bulatovvvs,https://t.me/bulatovvvs
EA7 REBORN,@ARMANICOCOLABAIS,https://t.me/ARMANICOCOLABAIS
irisviel,@ihmawtdXD,https://t.me/ihmawtdXD
роттен саунд,@rapeyourdaughter,https://t.me/rapeyourdaughter
77,@K001KH97,https://t.me/K001KH97
Anastasia,@slattgirl,https://t.me/slattgirl
белка стрелка,@squirell488,https://t.me/squirell488
👺,@LLQZCDS,https://t.me/LLQZCDS
Dm,@alexggha,https://t.me/alexggha
.,@wolluzk,https://t.me/wolluzk
.,@Supersus000,https://t.me/Supersus000
Stailzlv admin👔,@stailzlv,https://t.me/stailzlv
Стефан,@Martsinkevich47,https://t.me/Martsinkevich47
Sh0t€s,@Dj_k0lh0z,https://t.me/Dj_k0lh0z
radvovs,@radvovssss,https://t.me/radvovssss
Эрвин Кригхейт,@FG4222,https://t.me/FG4222
Ангелина,@abramovica22,https://t.me/abramovica22
.,@mbbjkkl,https://t.me/mbbjkkl
Не Знаю Не Помню,@Skkk2993,https://t.me/Skkk2993
Lexus,@llexuss,https://t.me/llexuss
Blizz,@NoirShad,https://t.me/NoirShad
Никитка,@N1koss_s,https://t.me/N1koss_s
Jamarion,@jamrionw,https://t.me/jamrionw
°~✞Łìnịx̌x_ẅx̌ƙ✞~°,@Linixx_wxk,https://t.me/Linixx_wxk
Eduards,@bozemoy01,https://t.me/bozemoy01
8++,@quining0,https://t.me/quining0
Mike,@american_eagle,https://t.me/american_eagle
ㅤ,@ganjobas228,https://t.me/ganjobas228
😈,@abrikos6661,https://t.me/abrikos6661
etopizdec,@etopizdec34,https://t.me/etopizdec34
Дядя Тёма,@Surv1orr,https://t.me/Surv1orr
Тимофей,@sofer21,https://t.me/sofer21
AmpleDiamond117,@AmpleDiamond117,https://t.me/AmpleDiamond117
zoha,@larik1312,https://t.me/larik1312
@,@xxanaxxx_777,https://t.me/xxanaxxx_777
Artjom Qwerty,@artjomqwerty,https://t.me/artjomqwerty
💋🖤,@s0nechkqw,https://t.me/s0nechkqw
qwerty,@qwertygirt,https://t.me/qwertygirt
Максима,@kilomaksi,https://t.me/kilomaksi
Кост,@KotBorbo,https://t.me/KotBorbo
Pašvaldības Policija🚔,@XANAXacab,https://t.me/XANAXacab
꧁BÕ§§꧂☦︎ĤKÎI☦︎ ☦︎꧁KŘO§ĤKî꧂☦︎🐾,@rastaman2283,https://t.me/rastaman2283
зефиркоо,@quwrly,https://t.me/quwrly
𝑇𝑒𝑗𝑢#ISTP,@Amgel34,https://t.me/Amgel34
𐍃᧐δᥣᥲᤁᥒ,@sayleszs,https://t.me/sayleszs
SAMURAIBANGG,@SAMURAIBANGG,https://t.me/SAMURAIBANGG
PEDALKA,@PEDALICHKA,https://t.me/PEDALICHKA
Валерия,@tterleey,https://t.me/tterleey
•°𝕽𝖎𝖓𝖉𝖔𝖚 𝕸𝖔𝖔𝖗𝖊°• /рест/,@Rindou_H51,https://t.me/Rindou_H51
arte_kk,@arte_kk,https://t.me/arte_kk
𝟒𝟒𝟒,@kkloveew,https://t.me/kkloveew
𝕴𝖓𝖓𝖊𝖗𝖙𝖎𝖛𝖊 𝕱𝖑𝖔𝖜,@Tr1pseeter,https://t.me/Tr1pseeter
Даниэль,@DANIEL_109,https://t.me/DANIEL_109
T,@tjoma01,https://t.me/tjoma01
🤼‍♂️,@metadon_plat,https://t.me/metadon_plat
𝕄𝕖𝕤𝕥𝕟𝕚𝕪,@Bye_222,https://t.me/Bye_222
DRIP SHOP,@Allqsde,https://t.me/Allqsde
данаях,@tg_m8,https://t.me/tg_m8
Ъ,@Sigmabolssss,https://t.me/Sigmabolssss
𝐕𝐞𝐜𝐜𝐡𝐢𝐨𝐃𝐨𝐭𝐭𝐨^᪲᪲᪲ | ♡ |,@TapokSuka,https://t.me/TapokSuka
Marsels Aunins,@Aunins_10,https://t.me/Aunins_10
NEW_ERA👉🏻😍👈🏻2026,@szbbbk,https://t.me/szbbbk
Іваночка Фурманчук,@vanya0423,https://t.me/vanya0423
Антон магнат,@bibidzon229,https://t.me/bibidzon229
drei💐,@gskxhdi,https://t.me/gskxhdi
𝓓𝓤𝓢𝓗𝓝𝓘𝓛𝓐🧸,@Dushnila152,https://t.me/Dushnila152
Артем,@artemixqz,https://t.me/artemixqz
"Вперёд, отряд! Пройдите предварительную регистрацию в новой игре Вперёд, отряд! Пройдите предварительную регистрацию в новой игре",@kristersgehtmans,https://t.me/kristersgehtmans
A,@Vapikshops,https://t.me/Vapikshops
. .,@Bomzisneskam,https://t.me/Bomzisneskam
Unknown.,@Minibrohobot,https://t.me/Minibrohobot
Sqweko! 27,@sqweko27,https://t.me/sqweko27
E̸4̸f̸ɨ̸ʀ̸c̸ɨ̸k̸_̸L̸v̸1̸0̸🥷🩸,@kirilcik,https://t.me/kirilcik
hydroponic,@Brjotezz,https://t.me/Brjotezz
arseni,@arsenn231,https://t.me/arsenn231
Maksim Ivanov,@mylox1,https://t.me/mylox1
️ DRIP ZONE,@loveaoid,https://t.me/loveaoid
milbe,@milbeeeee,https://t.me/milbeeeee
Несколько строк о себе~,@asixdefender150,https://t.me/asixdefender150
44leyz,@fourfourleyz,https://t.me/fourfourleyz
-,@airconts,https://t.me/airconts
royce,@royce2222,https://t.me/royce2222
4:20,@andrik236,https://t.me/andrik236
𝕭.𝕰.𝖅.𝖀.𝕸.𝕰.𝕮,@Ezik_vtumane7,https://t.me/Ezik_vtumane7
Markuss,@Markusinsss,https://t.me/Markusinsss
.,@gra_gg,https://t.me/gra_gg
Дарья,@secretolayes,https://t.me/secretolayes
𝙫𝙯𝙭𝙞𝙙,@uuglyfaceekid,https://t.me/uuglyfaceekid
crxnxr,@crxnxr,https://t.me/crxnxr
xwiux.x,@xwiuxx_sb,https://t.me/xwiuxx_sb
Rotting Freak,@rottingfreak,https://t.me/rottingfreak
3kormer^^,@korm3r,https://t.me/korm3r
маня🎀,@bmmlnbyy,https://t.me/bmmlnbyy
fashionangel♱,@kaorrirrinnn,https://t.me/kaorrirrinnn
🤍🤑🤑🤑🤍,@YBEGAIIJ,https://t.me/YBEGAIIJ
articash666,@articash666,https://t.me/articash666
😐🐈‍⬛,@nova_laura,https://t.me/nova_laura
?',@i1dgaff,https://t.me/i1dgaff
𝔳𝔦𝔳𝔢𝔰𝔶𝔫𝔰𝔥𝔦𝔫𝔢,@XXtoxicXXX,https://t.me/XXtoxicXXX
Анжелина 🥰✨,@AnzelinaaaIII,https://t.me/AnzelinaaaIII
Zip,@Smnltllll,https://t.me/Smnltllll
💈,@Serjoznij_perec,https://t.me/Serjoznij_perec
ㅤ,@N3GG3RZ,https://t.me/N3GG3RZ
alinq💋,@rassveet812,https://t.me/rassveet812
.,@Pirotex7,https://t.me/Pirotex7
PIRATE𝓜𝓪𝓽𝓿𝓮𝔂_15_🏴‍☠️💰 💙🇧🇾💙🇧🇾💙🇧🇾,@Matvej_Gabov_15,https://t.me/Matvej_Gabov_15
пичечек | лбблю хлеба,@ilovebakugokatsuki,https://t.me/ilovebakugokatsuki
_6,@Gihuyj,https://t.me/Gihuyj
𝑀𝒾𝓁𝒶𝓃𝒶,@milaniiija,https://t.me/milaniiija
⚜️(:Revenant:)⚜️,@REvenanT868,https://t.me/REvenanT868
Svetlana,@Singvers,https://t.me/Singvers
Ок,@RoBro11,https://t.me/RoBro11
Ml Ift,@Ml_Ift,https://t.me/Ml_Ift
NANAbunbom,@Nanabonbum,https://t.me/Nanabonbum
Top3diy 3d print shop,@Top3diy_shop,https://t.me/Top3diy_shop
𝕮𝖍𝖊𝖒𝖔𝖉𝖆𝖓,@chemo77,https://t.me/chemo77
💵👀🆔,@Ras77ta7,https://t.me/Ras77ta7
UopTrue,@opwhore,https://t.me/opwhore
RemoveJoinGroupMsgBot by @Bot442,@RemoveJoinGroupMsgBot,https://t.me/RemoveJoinGroupMsgBot
ксейва❣️ᡕᠵ᠊ᡃ່࡚ࠢ࠘⸝່ࠡ᠊߯ᡁࠣ࠘᠊᠊ࠢ࠘气亠*dabbackwood*,@kse1wa,https://t.me/kse1wa
G X,@nrgrimp,https://t.me/nrgrimp
Anastasi,@nastja0000,https://t.me/nastja0000
7,@y7777tg,https://t.me/y7777tg
Porezlzxc,@Sanemi_hashiro,https://t.me/Sanemi_hashiro
Slizyxx,@Slizyxxy,https://t.me/Slizyxxy
mark dex,@cortexdie,https://t.me/cortexdie
n,@n_nazarr,https://t.me/n_nazarr
Roll4you,@Rave1991,https://t.me/Rave1991
𒉭🩸Cristoforo_Colombo🩸𒉭,@dayutokasofii,https://t.me/dayutokasofii
FANTOM,@FANTOM6661,https://t.me/FANTOM6661
.amf,@fanatiprivet,https://t.me/fanatiprivet
🥷,@und3rratedd,https://t.me/und3rratedd
Meza Darbi2024,@bernards233,https://t.me/bernards233
Евуська 🩷,@evinyaa_18,https://t.me/evinyaa_18
Илюшкаааааа,@Aksveeeee,https://t.me/Aksveeeee
Mnogomata,@Mnogomata1,https://t.me/Mnogomata1
Alex,@shpungin8,https://t.me/shpungin8
5726452645254656245642,@spidernlmanluck,https://t.me/spidernlmanluck
Игорь,@igorshmrv,https://t.me/igorshmrv
🥷,@WieLLaiDS,https://t.me/WieLLaiDS
Дабл л,@derov1ch,https://t.me/derov1ch
kimica,@kimica128,https://t.me/kimica128
ᅠ,@oplld,https://t.me/oplld
Сава😜,@svagaaaaaaaassss,https://t.me/svagaaaaaaaassss
Slava,@slavochrk_11,https://t.me/slavochrk_11
Iļja K,@taknadoz,https://t.me/taknadoz
КУLTYPA ТРАХАЕТ,@kyltypa_tpaxaet,https://t.me/kyltypa_tpaxaet
Mirka,@Mirka_044,https://t.me/Mirka_044
QinzziManager🧑‍💻,@QinzziManager,https://t.me/QinzziManager
Naaa,@mme0w33,https://t.me/mme0w33
-,@miss_tajna,https://t.me/miss_tajna
Artem,@c0pph,https://t.me/c0pph
Blitzuha,@Blitzuha42,https://t.me/Blitzuha42
Semechka,@Semechkas1,https://t.me/Semechkas1
Матвей Елисеев,@MATVEI4KA46253938,https://t.me/MATVEI4KA46253938
.. ..,@Majorka_nih,https://t.me/Majorka_nih
Unkovn,@Unknown111223444,https://t.me/Unknown111223444
renchiks,@renchiksz,https://t.me/renchiksz
Uģis Mākslinieks,@lowzone1,https://t.me/lowzone1
Ladno,@ladnooov,https://t.me/ladnooov
:3,@gg_777_lol,https://t.me/gg_777_lol
Damirkka🥶🥷,@damirkka12,https://t.me/damirkka12
kay,@kakayu56,https://t.me/kakayu56
Boss Boss,@bossboss1111111,https://t.me/bossboss1111111
Роман,@Romam2025,https://t.me/Romam2025
Иван,@pluhaop,https://t.me/pluhaop
ᅠᅠᅠᅠ,@Gh0stOfRigA,https://t.me/Gh0stOfRigA
. .,@sky_line3475,https://t.me/sky_line3475
HAPKA,@HAK47PA,https://t.me/HAK47PA
Альпаааака😈,@Red3a3a_xD,https://t.me/Red3a3a_xD
Yakub,@sheikhYakub,https://t.me/sheikhYakub
daffyyou,@daffyyou,https://t.me/daffyyou
Toren,@tar4nchik,https://t.me/tar4nchik
︎ ︎ ︎ ︎,@Good_day625,https://t.me/Good_day625
𝕏 ℝ𝔸𝕐,@Rrxray,https://t.me/Rrxray
shrtrafengok,@dahubik,https://t.me/dahubik
🤯,@danikfig,https://t.me/danikfig
4N Shooter,@For3ign5hoot3r,https://t.me/For3ign5hoot3r
qq,@suffocated4,https://t.me/suffocated4
DripFlow,@arcewa,https://t.me/arcewa
￶,@Steamrp,https://t.me/Steamrp
nieva💵👀,@nieva_naah,https://t.me/nieva_naah
︎ ︎ ︎ ᅠ,@swaga33252,https://t.me/swaga33252
VipeStoreColection @Skyfall08,@Skyfall08,https://t.me/Skyfall08
мишаа,@wxzcav,https://t.me/wxzcav
drugshoesextc,@drugshoplupplug,https://t.me/drugshoplupplug
Ming Leaf,@MingLeafManager1,https://t.me/MingLeafManager1
Roarkilla,@exzstasy,https://t.me/exzstasy
Rodnikk🧑‍💻,@RodnichokStoreManager,https://t.me/RodnichokStoreManager
Valdis Petersilis,@Petersilis,https://t.me/Petersilis
Erny,@Usersname07,https://t.me/Usersname07
Лилит,@Tgjdho,https://t.me/Tgjdho
brabus,@brrrabbus,https://t.me/brrrabbus
sssh,@msap969,https://t.me/msap969
𝐒𝐰𝐢𝐟𝐭𝐩𝐥𝐮𝐠𝐠!,@swiftplug,https://t.me/swiftplug
eseses,@abv162,https://t.me/abv162
русик,@inigosos,https://t.me/inigosos
Ls,@lszae,https://t.me/lszae
qujwx #𝐝𝐨𝐥𝐛𝐨𝐞𝐛,@qujwx,https://t.me/qujwx
Fantyfati,@Kr1staaaaps,https://t.me/Kr1staaaaps
Šmøķê,@smok16k,https://t.me/smok16k
Mc Yes,@mc_yes,https://t.me/mc_yes
Стася,@APECT_CATAHE,https://t.me/APECT_CATAHE
V,@kiwizion,https://t.me/kiwizion
レイラ,@lalj_l,https://t.me/lalj_l
Daniks,@Daniks18yooo,https://t.me/Daniks18yooo
Rer Fdss,@ruskaya2143,https://t.me/ruskaya2143
Jinho_00,@Jinho_00,https://t.me/Jinho_00
ᚺᛊᚺᚣᛒᛋᛈᛠᚦ,@m1ssiveattack,https://t.me/m1ssiveattack
ego crying 丰,@bloodskaya,https://t.me/bloodskaya
︎ ︎,@assskkk777,https://t.me/assskkk777
Eseniya,@PhoneMarketLV,https://t.me/PhoneMarketLV
tracyblood,@daisysbody,https://t.me/daisysbody
dissonance,@cmeptpocuu,https://t.me/cmeptpocuu
Hokage,@zxcdeps,https://t.me/zxcdeps
SLAWA,@SLAWSATAH,https://t.me/SLAWSATAH
LuckyMan,@Senja2552,https://t.me/Senja2552
misha,@niggnam3,https://t.me/niggnam3
Adrianobobreto Adrians Bobers,@Adriansbobreto,https://t.me/Adriansbobreto
Данила Тарганчук,@rabotjagapanda,https://t.me/rabotjagapanda
🧞‍♂️,@claimcandyx,https://t.me/claimcandyx
Who? 🦅,@kazikovv,https://t.me/kazikovv
nords,@nordsrudens,https://t.me/nordsrudens
❤️‍🩹,@allyega,https://t.me/allyega
suketchi,@atarashi_sukeetchiii,https://t.me/atarashi_sukeetchiii
.Карим,@Karim_111111,https://t.me/Karim_111111
️❗Bone〰️Cracker❗️,@bone_cracer,https://t.me/bone_cracer
￶ ￶,@bladencarry,https://t.me/bladencarry
juuzou suzuya,@Korosll,https://t.me/Korosll
Tem4ik,@Pusheen_rpv,https://t.me/Pusheen_rpv
D.,@KOHTE7HEP,https://t.me/KOHTE7HEP
Dropped,@daskhins5,https://t.me/daskhins5
Pidrikxz,@pidrikxz_exe,https://t.me/pidrikxz_exe
#w0xilk#обрезно1,@w0xilk,https://t.me/w0xilk
Anna,@offcatalog,https://t.me/offcatalog
äzÿ,@azysqw,https://t.me/azysqw
Мия 🌙,@Zhenya270,https://t.me/Zhenya270
Evelīna,@shhhh2017,https://t.me/shhhh2017
Alfreds,@Alfreds97,https://t.me/Alfreds97
Milashka🫠,@qwertymilkiw,https://t.me/qwertymilkiw
@skyy🩸,@hacrotty,https://t.me/hacrotty
Artur,@jecsal,https://t.me/jecsal
Євгеній,@evgeniike80,https://t.me/evgeniike80
8,@kmkns0,https://t.me/kmkns0
[Это не я],@Hi_iiiik,https://t.me/Hi_iiiik
Kustarnik Gosling,@zxrquiky,https://t.me/zxrquiky
Poh Kurwa,@Nahraha,https://t.me/Nahraha
Lᴇᴏ,@not_geoposition,https://t.me/not_geoposition
Erikkaka,@EDanilevics,https://t.me/EDanilevics
..,@mooo_n22,https://t.me/mooo_n22
Макс,@goliypetro,https://t.me/goliypetro
NAKTo,@DEN_GI01,https://t.me/DEN_GI01
sasha,@nowaygetscammed,https://t.me/nowaygetscammed
🥷🐲,@danillil0,https://t.me/danillil0
scooper,@nevinnostj1,https://t.me/nevinnostj1
Руслан,@qgotijjj,https://t.me/qgotijjj
👣,@Go1eg,https://t.me/Go1eg
Xa0sit,@Xa0sit,https://t.me/Xa0sit
Cheburekss¿,@chebplug,https://t.me/chebplug
Саня,@abolins45,https://t.me/abolins45
Choco,@Sakafaar,https://t.me/Sakafaar
… ….,@metadon_platt,https://t.me/metadon_platt
Мартин,@H200316,https://t.me/H200316
codeiner2,@codeiner2,https://t.me/codeiner2
Robertttt,@robert_20100,https://t.me/robert_20100
depre??ed k1d-_-,@newmustaine,https://t.me/newmustaine
Кузя,@Kuzjaaaaaa,https://t.me/Kuzjaaaaaa
Gra₩3man,@Grawe_man,https://t.me/Grawe_man
𝐭𝐱𝐱𝐫𝐭𝐭𝟏𝟏𝐜,@txxrtt11c,https://t.me/txxrtt11c
Mr.Elër 🐾,@El4868284,https://t.me/El4868284
l1do,@lidoshops,https://t.me/lidoshops
Puh,@pushok_q,https://t.me/pushok_q
Амбассадор Абсурда,@CaptainDodep,https://t.me/CaptainDodep
Сима,@V_vikadin,https://t.me/V_vikadin
Дима,@qima004,https://t.me/qima004
Pashka,@Sellerdpilsa,https://t.me/Sellerdpilsa
hikaru,@trunivpotoke,https://t.me/trunivpotoke
Tema,@art_evill,https://t.me/art_evill
️,@Sosatt_Amerikaaa,https://t.me/Sosatt_Amerikaaa
д̴а̴н̴и̴э̴л̴к̴а̴,@dsttich,https://t.me/dsttich
kl3ver,@kl3ver3,https://t.me/kl3ver3
⛧𝔱𝔞𝔟𝔩𝔢𝔱𝔰 𝔪𝔭³⛧,@axeonovva,https://t.me/axeonovva
Leons,@lgipke,https://t.me/lgipke
CEO,@XXXTRUSTXXX,https://t.me/XXXTRUSTXXX
Sane4ka,@Enduro150asix,https://t.me/Enduro150asix
Товарищ Руссо,@Falafel2000,https://t.me/Falafel2000
Pible,@p777dor,https://t.me/p777dor
Злой Лис,@FoxWithTommyGun,https://t.me/FoxWithTommyGun
Jouikre,@jouikre,https://t.me/jouikre
Администратор7\,@hankmegawaysadventure,https://t.me/hankmegawaysadventure
♛YБИТ ♛ Кайфую♛,@Gnggggmariya,https://t.me/Gnggggmariya
комар XD,@kmrwkl,https://t.me/kmrwkl
W1z0r,@Caapybars,https://t.me/Caapybars
nekolya,@Neko1ya4,https://t.me/Neko1ya4
vasja na pereulke bahh bahh,@dracoindezzstreetz,https://t.me/dracoindezzstreetz
Пиструн🥵😡🗿💀🙄🤓🥵😜😜😈🤓,@kotyonochek1234,https://t.me/kotyonochek1234
romxn ☦︎,@romXn699,https://t.me/romXn699
Deleted users,@Danger_pe,https://t.me/Danger_pe
dasaka24,@dasaka24,https://t.me/dasaka24
Давид,@Dozza2010,https://t.me/Dozza2010
SL,@streetlegendo,https://t.me/streetlegendo
varkezspuad,@varkezspuad,https://t.me/varkezspuad
amrcho,@amrchozz,https://t.me/amrchozz
максуля228,@kikardosik,https://t.me/kikardosik
Ubuntum,@prikolieue,https://t.me/prikolieue
青空,@UmeBlueSky,https://t.me/UmeBlueSky
.,@miretoteatr,https://t.me/miretoteatr
V,@v_vwvwv_v,https://t.me/v_vwvwv_v
Helpovv,@helpovv,https://t.me/helpovv
\\\\\\\\\\,@nxbxl,https://t.me/nxbxl
私を残してください,@x_xdes,https://t.me/x_xdes
:р,@nirafien,https://t.me/nirafien
._.,@feraltron_0,https://t.me/feraltron_0
the soloist 'symphony #0012',@sosocunt,https://t.me/sosocunt
[🥽],@Idiot1zm,https://t.me/Idiot1zm
No name,@Onnilfash,https://t.me/Onnilfash
Medzhidov❤️‍🩹,@nekogroznyy,https://t.me/nekogroznyy
♰,@attackpsychosis,https://t.me/attackpsychosis
😶‍🌫️ ︎ ︎ ︎ ᅠ ︎ ︎,@Zaforsin,https://t.me/Zaforsin
Ccc,@Bbnjnyyy,https://t.me/Bbnjnyyy
𝑭𝒊𝒍𝒍💊💤,@Ghoul_rize,https://t.me/Ghoul_rize
забор,@gfhvcn2,https://t.me/gfhvcn2
Янис,@KKWrfuEMl,https://t.me/KKWrfuEMl
🐊,@meeeeeeff,https://t.me/meeeeeeff
ᛋᚨᛋᚺᚨ,@Cheloviec36845,https://t.me/Cheloviec36845
лохматый,@wgcxxx,https://t.me/wgcxxx
Красотка,@CCYKACTPAXX,https://t.me/CCYKACTPAXX
🫡,@zajebator,https://t.me/zajebator
Kriss,@ehg_o,https://t.me/ehg_o
Прохор Шаляпин,@huli_ti_noes,https://t.me/huli_ti_noes
Anastasia 💋,@saint_anastasie,https://t.me/saint_anastasie
oblochko,@OBLO4KO00,https://t.me/OBLO4KO00
Release BEST,@RELEASEBESTn1,https://t.me/RELEASEBESTn1
сталкер,@mehay,https://t.me/mehay
Fufik,@Kartupelis09,https://t.me/Kartupelis09
.glx,@ShowThemThis,https://t.me/ShowThemThis
🔩,@hugomugo1,https://t.me/hugomugo1
MegaRush,@Megarush_51i,https://t.me/Megarush_51i
ℳ𝒾𝓇ℴ𝓃ℴ𝓋𝒶,@lerqwiw,https://t.me/lerqwiw
Manager Vasya Navalivaet,@manager_vn0,https://t.me/manager_vn0
дашка,@dawwkkx,https://t.me/dawwkkx
dexter,@userd3xter,https://t.me/userd3xter
Перекуп 💶🤵 Apple / Samsung,@appleiphonelatvija,https://t.me/appleiphonelatvija
Rihards ._.,@soloforyouu,https://t.me/soloforyouu
Vlada,@whyyysheeeluv,https://t.me/whyyysheeeluv
киреш,@kkilesa,https://t.me/kkilesa
pavel,@gniju,https://t.me/gniju
Caronaserega,@FreeTzlarik,https://t.me/FreeTzlarik
варя,@lipwwixxz,https://t.me/lipwwixxz
Боба,@Th3mi,https://t.me/Th3mi
cheburek,@sheburekewk,https://t.me/sheburekewk
𝕽𝖔𝖚𝖌𝖊,@rougeguorouge,https://t.me/rougeguorouge
✌🏻,@tw1zzy666,https://t.me/tw1zzy666
Nezinuneko,@nekonezinu92,https://t.me/nekonezinu92
Sanchez,@DontPlayWithMeBitcHh,https://t.me/DontPlayWithMeBitcHh
Shizff#,@shizfff,https://t.me/shizfff
Sanja_Curim,@Sanjacurim,https://t.me/Sanjacurim
<(DZR) > Deizi,@DZR_deizi,https://t.me/DZR_deizi
марек,@ptqza,https://t.me/ptqza
Kaspar 00,@mowiq777,https://t.me/mowiq777
Влад,@justvlad777,https://t.me/justvlad777
Baraka Obama,@BarakaOb,https://t.me/BarakaOb
Lon3eR,@lon3eh,https://t.me/lon3eh
леся,@al3s0n,https://t.me/al3s0n
Mova Lova,@financial_riski,https://t.me/financial_riski
👾,@beznomerov666,https://t.me/beznomerov666
Tao,@whotaoofc,https://t.me/whotaoofc
_,@nomawo,https://t.me/nomawo
🧊,@icetombs,https://t.me/icetombs
⚜️⚜️⚜️,@HystericDeath,https://t.me/HystericDeath
hx1per,@hx1perfn,https://t.me/hx1perfn
Леди Баг,@rtm_gud,https://t.me/rtm_gud
H2RDII 888,@CI0ckWork,https://t.me/CI0ckWork
ㅤ,@robertszids,https://t.me/robertszids
erzx,@h2his,https://t.me/h2his
Allca$,@Filimooooon,https://t.me/Filimooooon
.,@the_kristerss,https://t.me/the_kristerss
черные коты,@llithenn,https://t.me/llithenn
mkswrsx,@mkswrsx,https://t.me/mkswrsx
SERGO,@vandaloff228,https://t.me/vandaloff228
HAKU,@JEJtet,https://t.me/JEJtet
- --,@popovchh,https://t.me/popovchh
𝑉𝑖𝑐𝑡𝑜𝑟𝑖𝑎,@VictoriaBurko,https://t.me/VictoriaBurko
Tigux,@tigux1,https://t.me/tigux1
.,@Kartofka12,https://t.me/Kartofka12
Tokarevsk1,@Tokarev13N,https://t.me/Tokarev13N
$yka,@MaK0To0,https://t.me/MaK0To0
︎ ︎ ︎ ︎ ᅠ ︎ ︎ ︎ ︎ ᅠ ︎ ︎ ︎ ︎ ︎ ︎ ᅠ ︎ ︎ ︎ ︎ ᅠ ︎ ︎,@eEdgF543H4Y,https://t.me/eEdgF543H4Y
__________________________👨‍🦽__________🚓_______________ ︎ ︎ ᅠ,@Art3munke,https://t.me/Art3munke
.dizenfy🥊,@d1yrlf,https://t.me/d1yrlf
່ くたばれ,@zombze,https://t.me/zombze
farleynnn,@farleynnn,https://t.me/farleynnn
. ︎ ︎,@HAXY_YMP,https://t.me/HAXY_YMP
.,@yslworkp,https://t.me/yslworkp
Anna,@GULLIVER4IK,https://t.me/GULLIVER4IK
?,@cikatil0,https://t.me/cikatil0
Саня,@top12378,https://t.me/top12378
Saiko,@NeilOkoni,https://t.me/NeilOkoni
WOtRK,@WOtRKo,https://t.me/WOtRKo
Tema,@timofeev_ksu,https://t.me/timofeev_ksu
@Triniti420,@Trinitii371,https://t.me/Trinitii371
🩸 ᴘᴀᴅsʜɪʏ #ᴨоднᴇбᴇᴄныᴇ 🩸 ᅠ,@internetsecuritys,https://t.me/internetsecuritys
Maksum,@Msfizomik,https://t.me/Msfizomik
Rock Medley,@Antidepressantbrat,https://t.me/Antidepressantbrat
damn,@damnsillastrng,https://t.me/damnsillastrng
Andrey Merkshev,@drondrop2nd,https://t.me/drondrop2nd
pyzaic,@pyzaichik,https://t.me/pyzaichik
HailRomino,@Zem7k,https://t.me/Zem7k
Vichuwka,@Vichuwka,https://t.me/Vichuwka
Чумазый,@etochumabro,https://t.me/etochumabro
Mark,@Kpedozhizni,https://t.me/Kpedozhizni
d,@scaminggang,https://t.me/scaminggang
питух,@zaibisbrat,https://t.me/zaibisbrat
💶💀#нелегалы_95,@deaaaaamn,https://t.me/deaaaaamn
quikse,@quikse,https://t.me/quikse
¿,@sjsizsm,https://t.me/sjsizsm
Varenik,@Varenikpromax,https://t.me/Varenikpromax
E.R,@Mazaislv,https://t.me/Mazaislv
Артур,@Arturka1245,https://t.me/Arturka1245
".,",@hmhas8,https://t.me/hmhas8
Никитка,@ikitka228,https://t.me/ikitka228
heronn 💮,@Klebtuy,https://t.me/Klebtuy
Winter in the heart ❄️,@Sonn_Gods,https://t.me/Sonn_Gods
Никита,@devNikitaOfficial,https://t.me/devNikitaOfficial
milunzo🥱,@milunzo,https://t.me/milunzo
who?,@s9tluk,https://t.me/s9tluk
🪙Спартак 🚷,@Nebombi21,https://t.me/Nebombi21
YUNGWEAR STAFF,@yungwearstaff,https://t.me/yungwearstaff
‘,@playboyebanaska,https://t.me/playboyebanaska
Trippyxhoes Slide,@Hoes4tohh,https://t.me/Hoes4tohh
ecxaisS97,@Whftrd,https://t.me/Whftrd
На грани Ant1frezz,@aimwqbot,https://t.me/aimwqbot
Кирил,@kkugno,https://t.me/kkugno
Sqwize,@qqbtat,https://t.me/qqbtat
Tonko Rokaev,@baridzan,https://t.me/baridzan
…,@viulaaaa,https://t.me/viulaaaa
диш💘,@wersahxw,https://t.me/wersahxw
:),@ghostleyy0,https://t.me/ghostleyy0
тати👻,@tae4ka1q,https://t.me/tae4ka1q
артем,@p1kachuska,https://t.me/p1kachuska
⚡,@Vinogradyk,https://t.me/Vinogradyk
Лаваш,@Z1laxx,https://t.me/Z1laxx
1,@swatnulitg,https://t.me/swatnulitg
булциня,@hachalupa,https://t.me/hachalupa
Амачка 💙🫧,@Im_lol159,https://t.me/Im_lol159
Crazymegatoxic 🌹,@crazymegatoxic1,https://t.me/crazymegatoxic1
Danik ¿,@danikdanikq,https://t.me/danikdanikq
Spokoynich,@bibabobaqwe,https://t.me/bibabobaqwe
dyrtyx,@dyrtyx777,https://t.me/dyrtyx777
𝓏𝒶𝒿𝒶†,@zajawwwx,https://t.me/zajawwwx
❤️,@zht83,https://t.me/zht83
m2y!l1v0°,@iw11shhh0ll,https://t.me/iw11shhh0ll
саша,@toxikotsinya,https://t.me/toxikotsinya
..,@Priblyda_69,https://t.me/Priblyda_69
Og,@Bbvvzzd,https://t.me/Bbvvzzd
Halalstyle,@mahixcik,https://t.me/mahixcik
ZORVA (manager),@zorvamanager,https://t.me/zorvamanager
xXにゃんこXx,@lovt0,https://t.me/lovt0
𝓝𝓲𝓴𝓾𝓵𝓲𝓴 ☥,@nikulikfrmdao,https://t.me/nikulikfrmdao
Sancik42,@DfoSGF1Az6NHFXL,https://t.me/DfoSGF1Az6NHFXL
Jimmy,@Umnij1708,https://t.me/Umnij1708
R1cky2,@R1cky_lv,https://t.me/R1cky_lv
Sierins,@sierinsm,https://t.me/sierinsm
ＫＡＰＬＥ Y 🔪,@vkapley,https://t.me/vkapley
.,@muvmuvmuvv,https://t.me/muvmuvmuvv
℘ꪱׁׁׁׅׅׅᥣׁׅ֪ᥣׁׅ֪ׅ꯱ ꫀׁׅܻ݊ɑׁׅtׁׅꫀׁׅܻ݊ꭈׁׅ🦄🪽,@pegasys07,https://t.me/pegasys07
🦁,@Kvadv1k,https://t.me/Kvadv1k
...,@Danuxw,https://t.me/Danuxw
alimka,@alimka_12,https://t.me/alimka_12
qvazzar,@Deutrem,https://t.me/Deutrem
_Alex_,@xIsSWOU,https://t.me/xIsSWOU
А,@rusteres,https://t.me/rusteres
ещькерее,@valeriyZzhmishenko,https://t.me/valeriyZzhmishenko
Sawanti 💳🚁 Familow,@KrokusFokusnik,https://t.me/KrokusFokusnik
Мирон,@mirik132,https://t.me/mirik132
🤑,@siikais93,https://t.me/siikais93
Шипчик🍭🍺,@Shipchik_lik,https://t.me/Shipchik_lik
нихто,@pro100chm,https://t.me/pro100chm
🐊,@v_prostak,https://t.me/v_prostak
Privet,@kapustaa12,https://t.me/kapustaa12
Aykhan,@ayxaaaan,https://t.me/ayxaaaan
.,@radiksc,https://t.me/radiksc
$Ratmir,@RatNWrld,https://t.me/RatNWrld
🧟‍♂️,@h1rexx3,https://t.me/h1rexx3
albina,@albinkki,https://t.me/albinkki
.,@kirillkaaaa_l,https://t.me/kirillkaaaa_l
MIKSER,@Kwerikser,https://t.me/Kwerikser
KitiKat,@ZhMih_KitiKat,https://t.me/ZhMih_KitiKat
. !,@gsodgs,https://t.me/gsodgs
a.alekkseevaa,@aalekkseevaa,https://t.me/aalekkseevaa
7\,@DoZZer707,https://t.me/DoZZer707
Мизантроп .,@Narik_2000,https://t.me/Narik_2000
bibl,@holigans_2,https://t.me/holigans_2
@НЕВИННОСТЬ,@nevinnostj,https://t.me/nevinnostj
♬|•尺丨ㄒ,@RB20201,https://t.me/RB20201
Caviaru,@Caviaru,https://t.me/Caviaru
Loreta,@Lora2000N,https://t.me/Lora2000N
мяу,@safe_mdma,https://t.me/safe_mdma
диванный эксперт,@gribudzertsidru,https://t.me/gribudzertsidru
vqe,@vkqqqx,https://t.me/vkqqqx
Finskiy,@finskiyO,https://t.me/finskiyO
Иля,@Ilyak_02,https://t.me/Ilyak_02
",",@hard1k3,https://t.me/hard1k3
💅🏻,@vikaaaxxwq,https://t.me/vikaaaxxwq
LoneDruid,@LoneDruu,https://t.me/LoneDruu
..........,@pablosito23,https://t.me/pablosito23
Daniels🐈‍⬛,@baltic1242,https://t.me/baltic1242
Www,@wwwqht,https://t.me/wwwqht
🤦🏽‍♀️,@hannaleees,https://t.me/hannaleees
.,@Qinzzi,https://t.me/Qinzzi
🌸,@Seven_minute_in_heaven,https://t.me/Seven_minute_in_heaven
🎆,@ankqxp,https://t.me/ankqxp
𝕀𝕟𝕧𝕖𝕤𝕥𝕓𝕥𝕔,@El_Mariachi2,https://t.me/El_Mariachi2
Alekseis,@Alekseis_Vasiljevs,https://t.me/Alekseis_Vasiljevs
.,@wrumBMW,https://t.me/wrumBMW
Владик Неважно,@vlad16073,https://t.me/vlad16073
Jfs,@ediiiska,https://t.me/ediiiska
C Z,@lildeecart,https://t.me/lildeecart
_coolleto_,@Sstones55,https://t.me/Sstones55
Vad56,@Vad5670,https://t.me/Vad5670
18:33,@leeearthw,https://t.me/leeearthw
Fragment Edmonton,@Edm0nt0n,https://t.me/Edm0nt0n
Ока за око,@Byitself13,https://t.me/Byitself13
︎ ︎,@Tropibudka,https://t.me/Tropibudka
Rita Zk,@Daniilmzzz,https://t.me/Daniilmzzz
Модник,@Modniks_lv,https://t.me/Modniks_lv
🪷,@kakipup,https://t.me/kakipup
Window,@Nonstopop,https://t.me/Nonstopop
Leanxty,@Leanxty,https://t.me/Leanxty
MANAGER,@flexdrop_manager,https://t.me/flexdrop_manager
Beer,@orel_com23,https://t.me/orel_com23
Никита,@FuffeIIs,https://t.me/FuffeIIs
🛐❤️,@Kamulj22,https://t.me/Kamulj22
Scar_2,@SCARRR_2,https://t.me/SCARRR_2
evelina,@linaletomvsredy02,https://t.me/linaletomvsredy02
kukarin,@kukarin324,https://t.me/kukarin324
044,@velyaggu,https://t.me/velyaggu
JK,@catherine_avv,https://t.me/catherine_avv
Кристен,@BOBENSHTEIN,https://t.me/BOBENSHTEIN
Margowk🐰💗,@margowwk,https://t.me/margowwk
TropKillaz,@KazutoScd,https://t.me/KazutoScd
𝓓𝓻𝓾𝓰 𝓣𝓿𝓸𝓲𝓱 𝓟𝓸𝓭𝓻𝓾𝓰,@Friend_Tvoih_bitches,https://t.me/Friend_Tvoih_bitches
qNIRVANAq,@qNIRVANAq,https://t.me/qNIRVANAq
_MR.JON_,@IloveRATAN,https://t.me/IloveRATAN
...,@Kladkazizka,https://t.me/Kladkazizka
r,@zeytysy,https://t.me/zeytysy
Polina_Sve29,@glases112,https://t.me/glases112
ᅠ,@BOCKR3C,https://t.me/BOCKR3C
🦅,@Salamon_0_0,https://t.me/Salamon_0_0
"K1lo,",@korlosika,https://t.me/korlosika
.,@Vx73je,https://t.me/Vx73je
EXNDR,@selfinc,https://t.me/selfinc
whets ▪️,@whetsdo,https://t.me/whetsdo
sladkih snov ❤️‍🩹,@maksonnovich,https://t.me/maksonnovich
Gift BoxDaugavpils,@Giftboxlatvia,https://t.me/Giftboxlatvia
Джимми Не Neytron 🚀,@Rizskiy,https://t.me/Rizskiy
Радик,@fadsedsr,https://t.me/fadsedsr
ля,@danafik,https://t.me/danafik
🍃,@Wggggjjj,https://t.me/Wggggjjj
maxim,@sonniyprince,https://t.me/sonniyprince
владюша мелон,@mellonchiikk,https://t.me/mellonchiikk
RxWizardo,@RxWizard,https://t.me/RxWizard
𝕬.𝕮.𝕬.𝕭,@Zabeloeaye3321,https://t.me/Zabeloeaye3321
M₳ĐⱤł₭,@madrikkkkkkk,https://t.me/madrikkkkkkk
Marat,@mmonomr,https://t.me/mmonomr
Sard,@ooooorrrh,https://t.me/ooooorrrh
Rozensov,@rozensov,https://t.me/rozensov
eternity ᶻ 𝗓 𐰁,@qmzja,https://t.me/qmzja
Danilkoz,@Wwwrezon,https://t.me/Wwwrezon
Adri ……,@pl1xy14,https://t.me/pl1xy14
namiX,@namiX666,https://t.me/namiX666
Cloud,@littlicloud,https://t.me/littlicloud
mxxsip_,@mxxs132,https://t.me/mxxs132
Winzkzk,@Winzkzk_1,https://t.me/Winzkzk_1
PuffsZone,@PuffsZone_VRF,https://t.me/PuffsZone_VRF
ᅠㅤᅠ,@Q1nekss,https://t.me/Q1nekss
Tavs Lācītis,@Tavs_lacitis2512,https://t.me/Tavs_lacitis2512
SS/ 𝙆𝘼𝙎𝘼𝙍,@s20swag,https://t.me/s20swag
Гарик Михаров,@PlatiiinPi,https://t.me/PlatiiinPi
ᛟᛞᛁᚾᚾᚢ︍ᚢᚷᛖᚾᛞ,@CEMEH_BAK7N,https://t.me/CEMEH_BAK7N
🦅,@smotrysuda73,https://t.me/smotrysuda73
Мартини,@choco00002,https://t.me/choco00002
трудяга,@trudiagin,https://t.me/trudiagin
Саня,@QQQuasimodo,https://t.me/QQQuasimodo
Yolo22,@Yolo22445,https://t.me/Yolo22445
Честный,@tdqwew,https://t.me/tdqwew
DripFlow,@tasipx,https://t.me/tasipx
9мопс,@IAreGhost,https://t.me/IAreGhost
d,@davidkaqq,https://t.me/davidkaqq
Diana_hik Diana_hik,@rastamen68,https://t.me/rastamen68
bers berserkovichhH,@berserkovichhH,https://t.me/berserkovichhH
100 bars,@superparkurzombieassasinmaster69,https://t.me/superparkurzombieassasinmaster69
⁷⁷⁷ㅤ,@yola11111111,https://t.me/yola11111111
ONYxxx,@Vavilon420msk,https://t.me/Vavilon420msk
Комочек,@nastizyx,https://t.me/nastizyx
Artur Arturov,@Ar44u,https://t.me/Ar44u
Rjc,@Oleg_Koleg,https://t.me/Oleg_Koleg
rosix16,@rokxxx16,https://t.me/rokxxx16
$Cristoforo Colombo€,@Most_Valuable_Pirate_ngg52,https://t.me/Most_Valuable_Pirate_ngg52
𝔏𝔦𝔯𝔦𝔨𝔞𝔞🥊,@x6x6x83,https://t.me/x6x6x83
⚙️,@Batman0944,https://t.me/Batman0944
clarence “ vortex,@wystyk,https://t.me/wystyk
Gandonio,@sperma2281488p0zv0niimip0dbrosim,https://t.me/sperma2281488p0zv0niimip0dbrosim
Максончик,@XxXfrezzXxX,https://t.me/XxXfrezzXxX
Bitek Витя,@vitechekss,https://t.me/vitechekss
жди.,@boberskurw,https://t.me/boberskurw
🇪🇺,@shampyxxo,https://t.me/shampyxxo
…,@nikax19,https://t.me/nikax19
𝕭𝖆𝖉𝕭𝖆𝖇𝖞𝕲 🎀,@Glossy_babbee,https://t.me/Glossy_babbee
.,@Hzkose,https://t.me/Hzkose
🏘️,@ymennly,https://t.me/ymennly
вкус волос,@kurounna,https://t.me/kurounna
. .,@o0o0o0o0o0o0o0o0o0o0o00oo0,https://t.me/o0o0o0o0o0o0o0o0o0o0o00oo0
D,@krostaq,https://t.me/krostaq
🐛,@sksksslql,https://t.me/sksksslql
😼,@mmarginaal,https://t.me/mmarginaal
katrina,@girldisintegrated,https://t.me/girldisintegrated
mmonaco.,@mmonaco1337,https://t.me/mmonaco1337
📱,@laba_garsa,https://t.me/laba_garsa
Саня,@hdhehehrn,https://t.me/hdhehehrn
­,@zm0rej,https://t.me/zm0rej
Nedved,@NedvedForzaJuve,https://t.me/NedvedForzaJuve
правосудие,@cursedswaggg,https://t.me/cursedswaggg
fierce_ psycho😈🥀,@Lucky_Guyd,https://t.me/Lucky_Guyd
мя,@mewmewqqq,https://t.me/mewmewqqq
Анастасийка,@Gudnisej,https://t.me/Gudnisej
Eliza🙈,@Fupkup,https://t.me/Fupkup
Денис,@Vizunciik,https://t.me/Vizunciik
Кобячков,@Kobyakov_228098,https://t.me/Kobyakov_228098
qwpalen💅🏻,@alena144_o,https://t.me/alena144_o
"xdxdxdDDDddddxx,,X",@headachehelpp,https://t.me/headachehelpp
Рома Стрельчук,@romichstrela20,https://t.me/romichstrela20
Verbim,@verbim,https://t.me/verbim
Бен,@Digeer829,https://t.me/Digeer829
.,@Gk_vp,https://t.me/Gk_vp
ᴀɴɢᴇʟꜱᴋʏ|#ForeverYoung,@EclipseYoung,https://t.me/EclipseYoung
sogal😼,@sogalddd,https://t.me/sogalddd
SXINT,@SxintLxurent,https://t.me/SxintLxurent
ᅠ ᅠ,@tap_here_plss,https://t.me/tap_here_plss
Kc 🐻‍❄️,@Ken_carson56,https://t.me/Ken_carson56
Dan,@DanStandYT,https://t.me/DanStandYT
Sesh_arbuz1k,@Sesh_arbuz1k,https://t.me/Sesh_arbuz1k
Alina,@AlinaEssecer,https://t.me/AlinaEssecer
Alex,@alex1234556676,https://t.me/alex1234556676
Аня,@lilanchous,https://t.me/lilanchous
Гидроэлектростанцовый гибридный трансформер,@hhqzsa,https://t.me/hhqzsa
Ars2xt,@ars2xt,https://t.me/ars2xt
Вот Блитц,@u_w_541741266,https://t.me/u_w_541741266
Мишаня Нечипоренко,@Babka225,https://t.me/Babka225
♡● _🆄🅵🅵,@hFFSguk,https://t.me/hFFSguk
Devil Angel 16661,@Komfortnij,https://t.me/Komfortnij
Kaido,@KaidoOne20,https://t.me/KaidoOne20
maid,@utkalovee,https://t.me/utkalovee
💧🍃𝕗𝕣𝕦𝕥𝕚𝕘𝕖𝕣 𝕒𝕣𝕖𝕠 𝕞𝕖𝕟 🍃💧,@FRUTIGER_AREO2011,https://t.me/FRUTIGER_AREO2011
. underyourdream,@nedostoin,https://t.me/nedostoin
×Meow Meow×,@lizixss777,https://t.me/lizixss777
Давид Сус,@Catcat004,https://t.me/Catcat004
drug addict,@wgx812,https://t.me/wgx812
Сергей,@Serega_Pirati,https://t.me/Serega_Pirati
﷽,@Swatnitg,https://t.me/Swatnitg
asura,@perm1stt,https://t.me/perm1stt
NiksSteal,@NiksSteal,https://t.me/NiksSteal
༄ kûçik,@Fr1wy1,https://t.me/Fr1wy1
Больная.,@bb00bv,https://t.me/bb00bv
ᅠᅠ,@hronikam,https://t.me/hronikam
Stivchik🐝,@Stivchik3,https://t.me/Stivchik3
bro9i bro9i,@taByrEtkA042,https://t.me/taByrEtkA042
Ксюша,@Citajeva,https://t.me/Citajeva
🌬💨☃️,@XenKays,https://t.me/XenKays
H1KELESS,@k0n4enij,https://t.me/k0n4enij
ecstasy,@nqwlsnq,https://t.me/nqwlsnq
♾️,@k1nnger,https://t.me/k1nnger
Рол Рол,@Malo6g,https://t.me/Malo6g
Аквичлучший,@Funtimezx,https://t.me/Funtimezx
Vitaly,@vitalyz93,https://t.me/vitalyz93
turi1k,@artxhc,https://t.me/artxhc
играю в бога,@sword2my,https://t.me/sword2my
𝕸𝖊𝖗𝖈𝖞,@Dvafifka67,https://t.me/Dvafifka67
:,@nerfulsex,https://t.me/nerfulsex
G1nton,@G1NTON69,https://t.me/G1NTON69
…,@Viss_safee,https://t.me/Viss_safee
Kuki220,@KUKI220,https://t.me/KUKI220
Danikk🖤,@daniikk07,https://t.me/daniikk07
dabarik,@artemjudo73,https://t.me/artemjudo73
дайна,@wintterxx,https://t.me/wintterxx
Mr.Bum-bum,@DomDumBum,https://t.me/DomDumBum
Сашекка💋#LAW,@JoostStonekl,https://t.me/JoostStonekl
Буба,@objezjanjka,https://t.me/objezjanjka
₴Ɏ₦ ฿ɆⱫ Đ₳Ɽ₦Ø₴₮ł,@Eblivoe_lico_po_zizneno,https://t.me/Eblivoe_lico_po_zizneno
Август,@Nakazaaki,https://t.me/Nakazaaki
Endijs,@gotham_villain,https://t.me/gotham_villain
фрик овенс,@kalnyamffff,https://t.me/kalnyamffff
Helk,@helk3,https://t.me/helk3
.,@palcvv,https://t.me/palcvv
Rizhiks,@Rizhiksss,https://t.me/Rizhiksss
#𝔗𝔦𝔯𝔢𝔡#𝔰𝔬𝔩𝔬#𝔯𝔢𝔡𝔪𝔬𝔫𝔡#𝔟𝔩𝔬𝔬𝔡𝔪𝔬𝔬𝔫#𝔰𝔬𝔯𝔯𝔶 𝔟𝔞𝔟𝔶𝔶),@Anyxxxyy,https://t.me/Anyxxxyy
Sigmaboy🤑🤑🤑🤑🤑🤑,@ping1451,https://t.me/ping1451
Vn,@vnsesar,https://t.me/vnsesar
Salokh_ake_1,@Salokh_aken,https://t.me/Salokh_aken
私は彼女をとても愛しています🌸🍁🍀,@intervalw,https://t.me/intervalw
martovskiiyyy aka trupoedov,@martovskiiyyy,https://t.me/martovskiiyyy
Robreinis12 Rob,@Robreinis12,https://t.me/Robreinis12
💵 ￶ ￶ ￶ ￶ ￶ ￶ ￶ ￶ ￶ ￶ ￶ ￶ ￶ ￶ ￶ ￶ ￶ ￶ ￶ ￶ ￶ ￶ ￶ ￶ ￶ ￶ ￶ ￶ ￶ ￶ 💵￶,@uwuper0777,https://t.me/uwuper0777
Чебуратор,@k_prostoy,https://t.me/k_prostoy
rikк,@Evrik112,https://t.me/Evrik112
Jeffrey Epstein,@MrJeffreyEpstein,https://t.me/MrJeffreyEpstein
𝐶б𝑒ж𝑎𝑏𝑤𝑎я из п𝑐и𝑥𝑦𝑤𝑘и ♱:,@hujowka,https://t.me/hujowka
senywwxx,@slvjv2803,https://t.me/slvjv2803
Ｙｅｎｏｋｈ,@No_Name_officialll,https://t.me/No_Name_officialll
Мишкан,@deftones8,https://t.me/deftones8
🥀,@xoxotysska,https://t.me/xoxotysska
🦍,@burrrrmalda1,https://t.me/burrrrmalda1
Luxury Brand,@xsbaltic,https://t.me/xsbaltic
Babulia,@fantaziaj,https://t.me/fantaziaj
Pr0stichh,@Bubaka09,https://t.me/Bubaka09
epiphaño,@epiphaniosicario,https://t.me/epiphaniosicario
sashadidntwakeup,@shuuuruup,https://t.me/shuuuruup
...,@vvvopopa,https://t.me/vvvopopa
Неизвестный Источник,@Neizvestnijistochnik,https://t.me/Neizvestnijistochnik
Кирилл,@Akselj,https://t.me/Akselj
Daniils Vasevs,@dimalox6789,https://t.me/dimalox6789
.,@don1to,https://t.me/don1to
zxwerxx,@zxwerxx,https://t.me/zxwerxx
Ежик🦔,@mine500,https://t.me/mine500
𝗸𝗮𝘁𝘆𝟔𝗸𝗮,@Fanatkalehi,https://t.me/Fanatkalehi
DripFlow,@topazasskk,https://t.me/topazasskk
Marija Simka,@Simka2409,https://t.me/Simka2409
Тимур,@TiMmurkk,https://t.me/TiMmurkk
Q,@Elogimh,https://t.me/Elogimh
Чизбургер,@Lunvyraeth,https://t.me/Lunvyraeth
Niksis,@Loobiks,https://t.me/Loobiks
Wizard,@chumabro,https://t.me/chumabro
danyawii,@danyawii,https://t.me/danyawii
.,@Wosodl,https://t.me/Wosodl
Sumatuxa,@sumatuxa,https://t.me/sumatuxa
Всеволод,@SEVON4IK153_SNIPER,https://t.me/SEVON4IK153_SNIPER
.,@dujdjrhdyc,https://t.me/dujdjrhdyc
Kovalli GO,@Aristokrat5794,https://t.me/Aristokrat5794
ℜ,@d1pzik,https://t.me/d1pzik
l1nkine,@l1nkine,https://t.me/l1nkine
Vcv,@deligiriga,https://t.me/deligiriga
Санчез,@Hellyeah696969,https://t.me/Hellyeah696969
сима !,@gamicj,https://t.me/gamicj
rishw11,@rishw11,https://t.me/rishw11
🥷,@k_berezovskis21,https://t.me/k_berezovskis21
LEGIT.CHECKER🥷🔪🩸,@legitchecker69,https://t.me/legitchecker69
info,@csinformator,https://t.me/csinformator
Abobik2007🥹🥰,@Abobik2007,https://t.me/Abobik2007
. .,@offtoqq,https://t.me/offtoqq
Outgenn,@Outgenn,https://t.me/Outgenn
Albert Wesker,@Ipsska,https://t.me/Ipsska
Вадя,@vadim20201,https://t.me/vadim20201
mimi_gloy,@Latvia45,https://t.me/Latvia45
Vozol 🇱🇻🇱🇹🇪🇪,@Vozol_Baltic,https://t.me/Vozol_Baltic
GANGSAHURФОНАРЬАУТИЗМ777,@hhxxww12,https://t.me/hhxxww12
vas,@B3eanpol,https://t.me/B3eanpol
︎ ︎ ︎ ︎ ᅠ ︎ ︎,@Chicha_g,https://t.me/Chicha_g
requiem for a dream,@neverdiesky,https://t.me/neverdiesky
David Dogius,@pyroshenn,https://t.me/pyroshenn
auul3,@zzreq,https://t.me/zzreq
настюша,@nassttjja,https://t.me/nassttjja
светильник,@svetiln1ck,https://t.me/svetiln1ck
Да,@Pcholka123,https://t.me/Pcholka123
°Алексей™,@MILLER1300,https://t.me/MILLER1300
♾️,@vonfow,https://t.me/vonfow
₩,@wvikuskaa,https://t.me/wvikuskaa
❌,@dan4ikprr,https://t.me/dan4ikprr
Underrated26,@HolderNGU89,https://t.me/HolderNGU89
GOP,@lolojoo,https://t.me/lolojoo
🌹,@im_nastikiss,https://t.me/im_nastikiss
X6Adr,@X6adri,https://t.me/X6adri
MK_LUCHEZARO#pang🇱🇻💶🥷🏿,@mk_luchezaro,https://t.me/mk_luchezaro
f,@ff_606q,https://t.me/ff_606q
Пастаклаб,@IloveyouMASYANYA,https://t.me/IloveyouMASYANYA
Nezināms_555,@Nezinams_555,https://t.me/Nezinams_555
zephyrix_,@zephyrix87,https://t.me/zephyrix87
❤️‍🔥ʋιʅƙα❤️‍🔥,@timofe_505,https://t.me/timofe_505
Nara,@ri0nig,https://t.me/ri0nig
настенька 💗,@naastTenka,https://t.me/naastTenka
Nastya,@nastya_ldk,https://t.me/nastya_ldk
Поля🌸,@polija15,https://t.me/polija15
.,@Bibikaaa16,https://t.me/Bibikaaa16
🇺🇦🇱🇻,@AndrosSilVer,https://t.me/AndrosSilVer
srcry,@srcry,https://t.me/srcry
HeroinLoverrr,@XrZerous,https://t.me/XrZerous
Томс 🤙,@TBaranovskis,https://t.me/TBaranovskis
Cp9,@Bobbynxl,https://t.me/Bobbynxl
NoName #STOP,@w1ndxx,https://t.me/w1ndxx
Sergey,@Sergey_Tymanov,https://t.me/Sergey_Tymanov
KR,@Kalnu1837,https://t.me/Kalnu1837
ㅤ,@KoNsErvaaaaa,https://t.me/KoNsErvaaaaa
𝔪𝔞𝔤𝔫𝔞𝔱🕸️,@terrorist_lv,https://t.me/terrorist_lv
Игорь,@MOYNAMETUT,https://t.me/MOYNAMETUT
Elixinka_cookie⚜️,@Elinaskyy,https://t.me/Elinaskyy
emi,@emslvr,https://t.me/emslvr
ТактиДрозд,@fivesKS5555,https://t.me/fivesKS5555
.,@nikitosiiikkss,https://t.me/nikitosiiikkss
DripFlow,@tepixxxk,https://t.me/tepixxxk
sofi,@solivaiaaaa,https://t.me/solivaiaaaa
Fear.,@AlahsGirkuliks,https://t.me/AlahsGirkuliks
Номер 1,@Shvacniger1,https://t.me/Shvacniger1
w,@swmydww,https://t.me/swmydww
Тёмка,@Vasy456,https://t.me/Vasy456
Марк,@Msivanovs,https://t.me/Msivanovs
Оператор,@Huivpoltoblaty,https://t.me/Huivpoltoblaty
Crow @darkrussia_online,@TERRORIST_PO_PIVU,https://t.me/TERRORIST_PO_PIVU
Kantara,@m_m_0_n,https://t.me/m_m_0_n
49207365656e20746865206e6967687466616c6c,@feverlabs,https://t.me/feverlabs
Lord_shop,@Kazah_Egor,https://t.me/Kazah_Egor
Vodka,@Boberonok98,https://t.me/Boberonok98
a .,@alke1487,https://t.me/alke1487
FadoExp,@GazonOriginal,https://t.me/GazonOriginal
В прайме,@navaibetvoyom,https://t.me/navaibetvoyom
Шах,@azimovvw,https://t.me/azimovvw
),@o1ooo1010,https://t.me/o1ooo1010
antisocialhurtdeath,@antisocialhurtdeathh,https://t.me/antisocialhurtdeathh
kikaguiwi,@kikaguw,https://t.me/kikaguw
♣︎,@arxcaw,https://t.me/arxcaw
Саня,@Canek_0282,https://t.me/Canek_0282
Артём,@BaptizedInBl00d,https://t.me/BaptizedInBl00d
ℜ𝔈𝔄𝔓𝔈ℜ,@graveman19891,https://t.me/graveman19891
.,@Gtr34ssg,https://t.me/Gtr34ssg
Urbex riga,@soso_ezzka01,https://t.me/soso_ezzka01
t1nngu,@t1nngusobased,https://t.me/t1nngusobased
Puzatij?🥷,@puzatij,https://t.me/puzatij
アルテム,@Leru_4ick,https://t.me/Leru_4ick
Данила Лапин,@trenbaloncik,https://t.me/trenbaloncik
Quindy,@Quindy_music,https://t.me/Quindy_music
KLUBOK ADMIN,@klubokadm,https://t.me/klubokadm
Абсолют,@syywq,https://t.me/syywq
Mrr.massimo,@luckystrikekrasnie,https://t.me/luckystrikekrasnie
morty forti,@akunamatataaau,https://t.me/akunamatataaau
Back2war13,@Back2war13,https://t.me/Back2war13
flyydii,@flyydii22,https://t.me/flyydii22
Ilja,@iljagavrilov,https://t.me/iljagavrilov
likersxx,@likersxx,https://t.me/likersxx
verny,@verny55,https://t.me/verny55
⊹ ボケット ⊹,@Vivibibib,https://t.me/Vivibibib
Hjironimo,@hjironimo,https://t.me/hjironimo
Gram,@denotorious,https://t.me/denotorious
.,@QPT66,https://t.me/QPT66
Atsosin812suka,@Atsosin812suka,https://t.me/Atsosin812suka
.,@Adrian210913,https://t.me/Adrian210913
MEK0RND 🛡,@Hh_LG_cik,https://t.me/Hh_LG_cik
777🗽,@huggxqw,https://t.me/huggxqw
🧌,@fenylof,https://t.me/fenylof
Спрайт,@Brawe_Spirit,https://t.me/Brawe_Spirit
skwyrtyy🧣,@skwyrtyy,https://t.me/skwyrtyy
3batv0,@Ebatv0,https://t.me/Ebatv0
primeVPN,@usermefan,https://t.me/usermefan
Только тихо,@MONSTER_TOPIK,https://t.me/MONSTER_TOPIK
Gvido,@Qwertyl123,https://t.me/Qwertyl123
sheikh,@hardcore_4,https://t.me/hardcore_4
Blaze,@Blaze2_0,https://t.me/Blaze2_0
…,@strowzer,https://t.me/strowzer
Magic,@magicshop19,https://t.me/magicshop19
Еблун стоматолог_____👨🏻‍🦽_____🚗______________,@AntifriZet,https://t.me/AntifriZet
🪷,@Vedma_ta,https://t.me/Vedma_ta
Костя,@koftig,https://t.me/koftig
manager,@magziv_manager,https://t.me/magziv_manager
Orb1ttt,@Orb1ttt,https://t.me/Orb1ttt
…,@do_mino238,https://t.me/do_mino238
Соня,@nightmotherr,https://t.me/nightmotherr
Perkele,@swgnhard2016,https://t.me/swgnhard2016
Tusya #катюша♡,@SvetoyOtech,https://t.me/SvetoyOtech
.,@nomiss0,https://t.me/nomiss0
🦖,@jamaika1210,https://t.me/jamaika1210
akvārijs Shop,@akvarijs,https://t.me/akvarijs
Шняга,@steaps1z,https://t.me/steaps1z
︎ 𝓓,@dqvielle,https://t.me/dqvielle
Vjačeslavs Mitsengendler,@xdlietome,https://t.me/xdlietome
badnotbadthis,@badnotbadthis,https://t.me/badnotbadthis
